{
  "components/common/home-cate": "{{#if theme_settings.homepage_category_show}}\n{{#if theme_settings.theme_fashion}}\n<div class=\"section-spacing\">\n    <div class=\"cate-bg container\">\n        <div class=\"category-head myheadeing\">\n            <h2 class=\"page-heading\">\n            {{lang 'common.cate' }}\n            <p>{{theme_settings.subheading-category}}</p>\n            <span class=\"head-line\"></span>\n            </h2>\n        </div>\n        <div class=\"homecategory row cate-row pre-row\">\n            <div class=\"all-cate caro-btn topsp col-12 pre-col all-head-contant\">\n                    <div class=\"homecate\">\n                        <section class=\"productCarousel\"\n                            data-list-name=\"{{list}}\"\n                            data-slick='{\n                            \"infinite\": false,\n                            \"mobileFirst\": true,\n                            \"dots\": false,\n                            \"slidesToShow\": 5,\n                            \"slidesToScroll\": 2,\n                            \"prevArrow\": \"{{#if customArrowClass}}.{{customArrowClass}}{{/if}}.js-product-prev-arrow-cate\",\n                            \"nextArrow\": \"{{#if customArrowClass}}.{{customArrowClass}}{{/if}}.js-product-next-arrow-cate\",\n                            \"responsive\": [\n                                {\n                                    \"breakpoint\": 1409,\n                                    \"settings\": {\n                                        \"slidesToShow\": 5,\n                                        \"slidesToScroll\": 2\n                                    }\n                                },\n                                {\n                                    \"breakpoint\": 1200,\n                                    \"settings\": {\n                                        \"slidesToShow\": 4,\n                                        \"slidesToScroll\": 2\n                                    }\n                                },\n                                {\n                                    \"breakpoint\": 991,\n                                    \"settings\": {\n                                        \"slidesToShow\": 3,\n                                        \"slidesToScroll\": 2\n                                    }\n                                },\n                                {\n                                    \"breakpoint\": 767,\n                                    \"settings\": {\n                                        \"slidesToShow\": 3,\n                                        \"slidesToScroll\": 1\n                                    }\n                                },\n                                {\n                                    \"breakpoint\": 575,\n                                    \"settings\": {\n                                        \"slidesToShow\": 3,\n                                        \"slidesToScroll\": 1\n                                    }\n                                },\n                                {\n                                    \"breakpoint\": 424,\n                                    \"settings\": {\n                                        \"slidesToShow\": 2,\n                                        \"slidesToScroll\": 1\n                                    }\n                                },\n                                {\n                                    \"breakpoint\": 0,\n                                    \"settings\": {\n                                        \"slidesToShow\": 1,\n                                        \"slidesToScroll\": 1\n                                    }\n                                }\n                            ]\n                            }'\n                            > \n                            {{#each categories }}\n                                <div class=\"home-cate-item col-12 pre-col\">\n                                    <div class=\"catebg\">\n                                        <div class=\"cate-img\">\n                                            <a class=\"\" href=\"{{url}}\"><img src=\"{{getImage image}}\" alt=\"Category-image\"></a>\n                                        </div>\n                                    </div>\n                                    <div class=\"cate-ti\">\n                                        <a class=\"catename\" href=\"{{url}}\">{{name}}</a>\n                                        <p>{{count}}<span>{{lang 'items'}}</span></p>\n                                    </div>\n                                </div>\n                            {{/each}}\n                        </section>\n                    </div>\n            </div>\n        </div>\n    </div>\n</div>\n{{else}}\n {{#if theme_settings.theme_automotive}}\n <div class=\"section-spacing\">\n    <div class=\"cate-bg container\">\n        <div class=\"category-head myheadeing\">\n            <h2 class=\"page-heading\">\n            {{lang 'common.cate' }}\n            <p>{{theme_settings.subheading-category}}</p>\n            <span class=\"head-line\"></span>\n            </h2>\n        </div>\n        <div class=\"homecategory row cate-row pre-row\">\n            <div class=\"all-cate caro-btn topsp col-12 pre-col all-head-contant\">\n                    <div class=\"homecate\">\n                        <section class=\"productCarousel\"\n                            data-list-name=\"{{list}}\"\n                            data-slick='{\n                            \"infinite\": false,\n                            \"mobileFirst\": true,\n                            \"dots\": false,\n                            \"slidesToShow\": 5,\n                            \"slidesToScroll\": 2,\n                            \"prevArrow\": \"{{#if customArrowClass}}.{{customArrowClass}}{{/if}}.js-product-prev-arrow-cate\",\n                            \"nextArrow\": \"{{#if customArrowClass}}.{{customArrowClass}}{{/if}}.js-product-next-arrow-cate\",\n                            \"responsive\": [\n                            {\n                                \"breakpoint\": 1409,\n                                \"settings\": {\n                                    \"slidesToShow\": 5,\n                                    \"slidesToScroll\": 2\n                                }\n                            },\n                            {\n                                \"breakpoint\": 1200,\n                                \"settings\": {\n                                    \"slidesToShow\": 4,\n                                    \"slidesToScroll\": 2\n                                }\n                            },\n                            {\n                                \"breakpoint\": 991,\n                                \"settings\": {\n                                    \"slidesToShow\": 3,\n                                    \"slidesToScroll\": 2\n                                }\n                            },\n                            {\n                                \"breakpoint\": 767,\n                                \"settings\": {\n                                    \"slidesToShow\": 3,\n                                    \"slidesToScroll\": 1\n                                }\n                            },\n                            {\n                                \"breakpoint\": 575,\n                                \"settings\": {\n                                    \"slidesToShow\": 3,\n                                    \"slidesToScroll\": 1\n                                }\n                            },\n                            {\n                                \"breakpoint\": 424,\n                                \"settings\": {\n                                    \"slidesToShow\": 2,\n                                    \"slidesToScroll\": 1\n                                }\n                            },\n                            {\n                                \"breakpoint\": 0,\n                                \"settings\": {\n                                    \"slidesToShow\": 1,\n                                    \"slidesToScroll\": 1\n                                }\n                            }\n                        ]\n                        }'\n                        > \n                            {{#each categories }}\n                                <div class=\"home-cate-item col-12 pre-col\">\n                                    <div class=\"catebg\">\n                                        <div class=\"cate-img\">\n                                            <a class=\"\" href=\"{{url}}\"><img src=\"{{getImage image}}\" alt=\"Category-image\"></a>\n                                        </div>\n                                    </div>\n                                    <div class=\"cate-ti\">\n                                        <a class=\"catename\" href=\"{{url}}\">{{name}}</a>\n                                        <p>{{count}}<span>{{lang 'items'}}</span></p>\n                                    </div>\n                                </div>\n                            {{/each}}\n                        </section>\n                    </div>\n            </div>\n        </div>\n    </div>\n</div>\n{{else}}\n {{#if theme_settings.theme_art}}\n <div class=\"section-spacing\">\n    <div class=\"cate-bg container\">\n        <div class=\"category-head myheadeing\">\n            <h2 class=\"page-heading\">\n            {{lang 'common.cate' }}\n            <p>{{theme_settings.subheading-category}}</p>\n            <span class=\"head-line\"></span>\n            </h2>\n        </div>\n        <div class=\"homecategory row cate-row pre-row\">\n            <div class=\"all-cate caro-btn topsp col-12 pre-col all-head-contant\">\n                    <div class=\"homecate\">\n                        <section class=\"productCarousel\"\n                            data-list-name=\"{{list}}\"\n                            data-slick='{\n                            \"infinite\": false,\n                            \"mobileFirst\": true,\n                            \"dots\": false,\n                            \"slidesToShow\": 5,\n                            \"slidesToScroll\": 2,\n                            \"prevArrow\": \"{{#if customArrowClass}}.{{customArrowClass}}{{/if}}.js-product-prev-arrow-cate\",\n                            \"nextArrow\": \"{{#if customArrowClass}}.{{customArrowClass}}{{/if}}.js-product-next-arrow-cate\",\n                            \"responsive\": [\n                            {\n                                \"breakpoint\": 1409,\n                                \"settings\": {\n                                    \"slidesToShow\": 5,\n                                    \"slidesToScroll\": 2\n                                }\n                            },\n                            {\n                                \"breakpoint\": 1200,\n                                \"settings\": {\n                                    \"slidesToShow\": 4,\n                                    \"slidesToScroll\": 2\n                                }\n                            },\n                            {\n                                \"breakpoint\": 991,\n                                \"settings\": {\n                                    \"slidesToShow\": 3,\n                                    \"slidesToScroll\": 2\n                                }\n                            },\n                            {\n                                \"breakpoint\": 767,\n                                \"settings\": {\n                                    \"slidesToShow\": 3,\n                                    \"slidesToScroll\": 1\n                                }\n                            },\n                            {\n                                \"breakpoint\": 575,\n                                \"settings\": {\n                                    \"slidesToShow\": 3,\n                                    \"slidesToScroll\": 1\n                                }\n                            },\n                            {\n                                \"breakpoint\": 424,\n                                \"settings\": {\n                                    \"slidesToShow\": 2,\n                                    \"slidesToScroll\": 1\n                                }\n                            },\n                            {\n                                \"breakpoint\": 0,\n                                \"settings\": {\n                                    \"slidesToShow\": 1,\n                                    \"slidesToScroll\": 1\n                                }\n                            }\n                        ]\n                        }'\n                        >\n                            {{#each categories }}\n                                <div class=\"home-cate-item col-12 pre-col\">\n                                    <div class=\"catebg\">\n                                        <div class=\"cate-img\">\n                                            <a class=\"\" href=\"{{url}}\"><img src=\"{{getImage image}}\" alt=\"Category-image\"></a>\n                                        </div>\n                                    </div>\n                                    <div class=\"cate-ti\">\n                                        <a class=\"catename\" href=\"{{url}}\">{{name}}</a>\n                                        <p>{{count}}<span>{{lang 'items'}}</span></p>\n                                    </div>\n                                </div>\n                            {{/each}}\n                        </section>\n                    </div>\n            </div>\n        </div>\n    </div>\n</div>\n {{/if}}\n{{/if}}\n {{/if}}\n {{/if}}"
}
