{
  "components/products/description-tabs": "<ul class=\"tabs\" data-tab>\n    {{#if product.description}}\n        <li class=\"tab is-active\">\n            <a class=\"tab-title\" href=\"#tab-description\">{{lang 'products.description'}}</a>\n        </li>\n    {{/if}}\n    {{#if product.warranty}}\n        <li class=\"tab {{#unless product.description}}is-active{{/unless}}\">\n            <a class=\"tab-title\" href=\"#tab-warranty\">{{lang 'products.warranty'}}</a>\n        </li>\n    {{/if}}\n    {{#all product.custom_fields theme_settings.show_custom_fields_tabs}}\n        <li class=\"tab\">\n            <a class=\"tab-title\"\n               href=\"#tab-{{dashcase (lowercase (sanitize theme_settings.pdp-custom-fields-tab-label))}}\"\n            >\n                {{sanitize theme_settings.pdp-custom-fields-tab-label}}\n            </a>\n        </li>\n    {{/all}}\n    {{#all settings.show_product_reviews theme_settings.show_product_reviews product.reviews.total}}\n        <li class=\"tab\">\n            <a class=\"tab-title productView-reviewTabLink\" href=\"#tab-reviews\">{{lang 'products.reviews.header' total=product.reviews.total}}</a>\n        </li>\n    {{/all}}\n</ul>\n<div class=\"tabs-contents\">\n    {{#if product.description}}\n        <div class=\"tab-content is-active\" id=\"tab-description\">\n            {{{product.description}}}\n        </div>\n    {{/if}}\n    {{#if product.warranty}}\n        <div class=\"tab-content {{#unless product.description}}is-active{{/unless}}\" id=\"tab-warranty\">\n            {{{product.warranty}}}\n        </div>\n    {{/if}}\n    {{#all product.custom_fields theme_settings.show_custom_fields_tabs}}\n      <div class=\"tab-content\" id=\"tab-{{dashcase (lowercase (sanitize theme_settings.pdp-custom-fields-tab-label))}}\">\n         <dl class=\"productView-info\">\n            {{> components/products/custom-fields }}\n         </dl>\n      </div>\n    {{/all}}\n    {{#all settings.show_product_reviews theme_settings.show_product_reviews}}\n       <div class=\"tab-content\" id=\"tab-reviews\">\n           {{> components/products/reviews reviews=product.reviews product=product urls=urls}}\n       </div>\n    {{/all}}\n</div>\n",
  "components/products/custom-fields": "{{#each product.custom_fields}}\n<dt class=\"productView-info-name\">{{name}}:</dt>\n<dd class=\"productView-info-value\">{{{value}}}</dd>\n{{/each}}\n",
  "components/products/reviews": "{{#if reviews.total}}\n<section class=\"toggle productReviews\" id=\"product-reviews\" data-product-reviews>\n    <h4 class=\"toggle-title\">\n        {{lang 'products.reviews.header' total=reviews.total}}\n        {{#if theme_settings.show_product_reviews}}\n            <a class=\"toggleLink is-open\" data-collapsible href=\"#productReviews-content\">\n                <span class=\"toggleLink-text toggleLink-text--on\">\n                    {{lang 'products.reviews.hide'}}\n                </span>\n                <span class=\"toggleLink-text toggleLink-text--off\">\n                    {{lang 'products.reviews.show'}}\n                </span>\n            </a>\n        {{/if}}\n    </h4>\n    <div class=\"toggle-content is-open\" id=\"productReviews-content\" aria-hidden=\"false\">\n        <ul class=\"productReviews-list\" id=\"productReviews-list\">\n            {{#each reviews.list}}\n            <li class=\"productReview\">\n                <article>\n                    <header>\n                        <span class=\"productReview-rating rating--small\">\n                            {{> components/products/ratings rating=rating}}\n                            <span class=\"productReview-ratingNumber\">{{ rating }}</span>\n                        </span>\n                        <h5 class=\"productReview-title\">{{{ sanitize title }}}</h5>\n                        {{#if name}}\n                            <p class=\"productReview-author\">\n                                {{{lang 'products.reviews.post_on_by' date=date name=(sanitize name) }}}\n                            </p>\n                        {{else}}\n                            <p class=\"productReview-author\">\n                                {{lang 'products.reviews.post_on_by' date=date name=(lang 'products.reviews.anonymous_poster')}}\n                            </p>\n                        {{/if}}\n                    </header>\n                    <p class=\"productReview-body\">{{{ sanitize text }}}</p>\n                </article>\n            </li>\n            {{/each}}\n        </ul>\n        {{> components/common/paginator pagination.reviews reload=true}}\n    </div>\n</section>\n{{/if}}\n",
  "components/products/ratings": "<div class=\"comments_note wb-list-product-reviews\">\n    <span class=\"avg-rate bg-re3\">\n        <span class=\"rate-tot winter-count\">0</span>\n            <span class=\"wbpro-rating\">\n                <svg>\n                    <use href=\"#icon-star\" />\n                </svg>\n            </span>\n            <span class=\"or-rate winter-review\">\n                {{#for 1 5}}{{#if ../this.rating '>=' $index}}\n                <span data-review=\"{{../this.rating}}\" class=\"icon icon--ratingFull winter-review-count\">\n                    <svg>\n                        <use href=\"#icon-star\" />\n                    </svg>\n                </span>\n                {{else}}\n                <span class=\"icon icon--ratingEmpty\">\n                    <svg>\n                        <use href=\"#icon-star\" />\n                    </svg>\n                </span>\n                {{/if}}\n                {{/for}}\n                {{{snippet 'product_rating'}}}\n            </span>\n    </span>\n    </div>\n    ",
  "components/common/paginator": "<nav class=\"pagination\" aria-label=\"pagination\">\n    <ul class=\"pagination-list\">\n        {{#if previous}}\n            <li class=\"pagination-item pagination-item--previous\">\n                <a class=\"pagination-link\"\n                   href=\"{{previous}}\"\n                   {{#unless reload}}data-faceted-search-facet{{/unless}}\n                   aria-label=\"{{lang 'common.previous'}}\"\n                >\n                    <i class=\"icon\" aria-hidden=\"true\">\n                        <svg>\n                            <use xmlns:xlink=\"http://www.w3.org/1999/xlink\" xlink:href=\"#icon-chevron-left\"></use>\n                        </svg>\n                    </i>\n                    {{lang 'common.previous'}}\n                </a>\n            </li>\n        {{/if}}\n        {{#each links}}\n            <li class=\"pagination-item {{#if this.number '==' ../current}}pagination-item--current{{/if}}\">\n                <a class=\"pagination-link\"\n                   href=\"{{this.url}}\"\n                   {{#unless reload}}data-faceted-search-facet{{/unless}}\n                   {{#if this.number '==' ../current}}\n                   aria-current=\"page\"\n                   data-pagination-current-page-link\n                   {{/if}}\n                   aria-label=\"{{lang 'common.paginator.page_of' current=this.number total=../links.length}}\"\n                >\n                    {{this.number}}\n                </a>\n            </li>\n        {{/each}}\n\n        {{#if next}}\n            <li class=\"pagination-item pagination-item--next\">\n                <a class=\"pagination-link\"\n                   href=\"{{next}}\"\n                   {{#unless reload}}data-faceted-search-facet{{/unless}}\n                   aria-label=\"{{lang 'common.next'}}\"\n                >\n                    {{lang 'common.next'}}\n                    <i class=\"icon\" aria-hidden=\"true\">\n                        <svg>\n                            <use xmlns:xlink=\"http://www.w3.org/1999/xlink\" xlink:href=\"#icon-chevron-right\"></use>\n                        </svg>\n                    </i>\n                </a>\n            </li>\n        {{/if}}\n    </ul>\n</nav>\n"
}
