{
  "components/blog/newblog": "{{#if theme_settings.home-blog}}\n{{{region name=\"home_above_blog\"}}}\n<div class=\"container\">\n    <div class=\"allblog-bg next-prevb section-spacing\">\n        <div class=\"topsp\">\n            <div class=\"myheadeing\">\n                <h2 class=\"page-heading\">{{ lang 'blog.recent_posts' }}\n                    <p>{{theme_settings.subheading-new-blog}}</p>\n                    <span class=\"head-line\"></span>\n                </h2>\n            </div>\n                {{> components/blog/carousel blog=blog}}\n        </div>\n    </div>\n</div>\n{{/if}}",
  "components/blog/carousel": "<section class=\"productCarousel row\"\n    data-slick='{\n    \"dots\": false,\n    \"infinite\": false,\n    \"autoplay\": false,\n    \"mobileFirst\": true,\n    \"slidesToShow\": 4,\n    \"slidesToScroll\": 1,\n    \"slide\": \".js-product-slide\",\n    \"prevArrow\": \"{{#if customArrowClass}}.{{customArrowClass}}{{/if}}.js-product-prev-arrow-blog\",\n    \"nextArrow\": \"{{#if customArrowClass}}.{{customArrowClass}}{{/if}}.js-product-next-arrow-blog\",\n    \"responsive\": [\n        {\n            \"breakpoint\": 1409,\n            \"settings\": {\n                \"slidesToScroll\": 1,\n                \"slidesToShow\": 4\n            }\n        },\n        {\n            \"breakpoint\": 1199,\n            \"settings\": {\n                \"slidesToScroll\": 1,\n                \"slidesToShow\": 4\n            }\n        },\n        {\n            \"breakpoint\": 991,\n            \"settings\": {\n                \"slidesToScroll\": 1,\n                \"slidesToShow\": 3\n            }\n        },\n        {\n            \"breakpoint\": 767,\n            \"settings\": {\n                \"slidesToScroll\": 1,\n                \"slidesToShow\": 2\n            }\n        },\n        {\n            \"breakpoint\": 599,\n            \"settings\": {\n                \"slidesToScroll\": 1,\n                \"slidesToShow\": 2\n            }\n        },\n        {\n            \"breakpoint\": 0,\n            \"settings\": {\n                \"slidesToScroll\": 1,\n                \"slidesToShow\": 1\n            }\n        }\n    ]\n    }'\n    >\n    {{#each blog}}\n    <div class=\"productCarousel-slide js-product-slide col-12 blog_webi\">\n        {{#if thumbnail}}\n        <div class=\"main-b-b\">\n            <div class=\"blogshadow\">\n                <div class=\"blog-left\">\n                    <div class=\"webi-blog-image text-center\">\n                        <img src=\"{{getImage thumbnail 'blog_size'}}\" alt=\"{{thumbnail.alt}}\" title=\"{{thumbnail.alt}}\">\n                        <div class=\"blog-post-image-hover\"> </div>\n                            <div class=\"webi_post_hover\">\n                                <div class=\"blog-ic\">\n                                    <!-- <a class=\"icon zoom\" title=\"Click to view Full Image \" href=\"{{getImage thumbnail}}\" data-lightbox=\"example-set\"><i class=\"fa fa-search\"></i></a> -->\n                                    <a class=\"icon readmore_link\" title=\"all blog\" href=\"{{url}}\"><svg width=\"18px\" height=\"18px\"><use xlink:href=\"#blog-link\"></use></svg></a>\n\n                                </div>\n                            </div>\n                    </div>\n                </div>\n                <div class=\"blog-right text-left\">\n                    <div class=\"bs\">\n                        <div class=\"date-time\">\n                            <div class=\"blogdt\">\n                                {{date_published}}\n                            </div>\n                        </div>\n                        <h3><a href=\"{{url}}\">{{title}}</a></h3>\n                        <div class=\"blog-summary\">\n                            <p>{{summary}}</p>\n                        </div>\n                        <div class=\"read-more-blog\">\n                        <a class=\"readmore_link\" title=\"all blog\" href=\"{{url}}\">{{lang 'Readmore'}}</a>\n                        </div>\n                    </div>\n                </div>  \n            </div>\n        </div>\n        {{/if}}\n    </div>\n    {{/each}}\n</section>\n<div class=\"all-btn recent-post\">\n    {{#if blog.length '>' 1}}\n<button aria-label=\"{{lang 'carousel.arrowAriaLabel'}} {{products.length}}\" class=\"{{#if customArrowClass}}{{customArrowClass}} {{/if}}js-product-prev-arrow-blog slick-prev slick-arrow\"><svg width=\"38px\" height=\"26px\"><use xlink:href=\"#arrow-left\"></use></svg></button>\n{{/if}}\n{{#if blog.length '>' 1}}\n<button aria-label=\"{{lang 'carousel.arrowAriaLabel'}} {{products.length}}\" class=\"{{#if customArrowClass}}{{customArrowClass}} {{/if}}js-product-next-arrow-blog slick-next slick-arrow\"><svg width=\"38px\" height=\"26px\"><use xlink:href=\"#arrow-right\"></use></svg></button>\n{{/if}}\n</div>"
}
