{
  "components/common/header": "<a href=\"#main-content\" class=\"skip-to-main-link\">{{lang 'header.skip_to_main'}}</a>\n{{#if banners.top}}\n<div class=\"banners\" data-banner-location=\"top\">\n    {{#each (limit banners.top_metadata 1)}}\n    <div class=\"banner\" data-event-type=\"promotion\" data-entity-id=\"{{this.id}}\" data-name=\"{{this.banner-name}}\" data-position=\"{{this.location}}\" data-banner-id=\"{{this.banner-name}}\">\n        <div data-event-type=\"promotion-click\">\n            {{{this.content}}}\n        </div>\n    </div>\n    {{/each}}\n</div>\n{{/if}}\n{{#if theme_settings.theme_fashion}}\n\n<header class=\"header header-top\" role=\"banner\">    \n    <a href=\"#\" class=\"mobileMenu-toggle\" data-mobile-menu-toggle=\"menu\">\n        <span class=\"mobileMenu-toggleIcon\">Toggle menu</span>\n    </a>\n    <div class=\"container  mycustom-header\">\n        <div class=\"row header-logo--{{theme_settings.logo-position}}\">\n            <div class=\"col-lg-4 col-md-4 col-sm-6 col-xs-6\" id=\"logo\">\n                 {{#if page_type '===' 'default'}}\n                    <h1 class=\"header-logo \">\n                        {{> components/common/store-logo}}\n                    </h1>\n                {{else}}\n                    <div class=\"header-logo header-logo--{{theme_settings.logo-position}}\">\n                        {{> components/common/store-logo}}\n                    </div>\n                {{/if}}\n            </div>\n            <div class=\"col-lg-4 col-md-4 col-sm-4 header-social-icons\">\n                {{#if theme_settings.social_icon_placement_top}}\n                    <div class=\"navUser-item navUser-item--social\">\n                        {{> components/common/social-links}}\n                    </div>\n                {{/if}}\n            </div>\n            <div class=\"col-lg-4 col-md-4 col-sm-4 head-icons\">\n                {{> components/common/navigation}}\n            </div>\n        </div>\n        \n        <div class=\"\">\n            <div class=\"cate-nav\"></div>\n        </div>\n    </div>\n    <div class=\"catcushead\">\n        <div class=\"container\">\n            <div class=\"row\">\n                <div class=\"col-2 head-contact\">\n                    {{#if settings.phone_number}}\n                        <strong class=\"foot-phone\"><span><svg width=\"20px\" height=\"18px\"><use xlink:href=\"#call-icon\"></use></svg></span>{{lang 'footer.call_us' phone_number=settings.phone_number}}</strong>\n                    {{/if}}\n                </div>\n                <div class=\"col-8 cate-navlg\">\n                    <div class=\"navPages-container\" id=\"menu\" data-menu>\n                        {{> components/common/navigation-menu}}\n                    </div>\n                    {{{region name=\"header_navigation_bottom--global\"}}}\n                </div>\n                <div class=\"col-2 head-ask\">\n                    \n                </div>\n            </div>\n        </div>\n    </div>\n</header>\n{{#if theme_settings.homepage_announcement_bar_show}}\n    <div class=\"top-bar\" id=\"header_banner\">\n        <button id=\"closeButton\"><span>X</span></button> \n      <div class=\"container section-gap announcementbar\" >\n        <div class=\"row\">\n            <div class=\"col-12 text-center\">\n                <div class=\"header_bar\">\n                    \n                    <div class=\"topBarPromotion-carousel\"\n                    data-slick='{\n                        \"dots\": false,\n                        \"arrows\": false,\n                        \"infinite\": true,\n                        \"mobileFirst\": true,\n                        \"vertical\": true,\n                        \"autoplay\": true,\n                        \"slidesToShow\": 1,\n                        \"slidesToScroll\": 1,\n                        \"responsive\": [\n                            {\n                                \"breakpoint\": 768,\n                                \"settings\": {\n                                    \"arrows\": false\n                                }\n                            }\n                        ]\n                    }'\n                >       \n                        <div class=\"top-bar-f\" aria-hidden=\"true\">\n                            <a href=\"{{theme_settings.top_text_link}}\" title=\"offer\">{{theme_settings.top_text}}</a>         \n                        </div>\n                        <div class=\"top-bar-f\" aria-hidden=\"true\">\n                            <a href=\"{{theme_settings.top_text_link2}}\" title=\"offer\">{{theme_settings.top_text2}}</a>              \n                        </div>\n                </div>\n                </div>\n            </div>\n        </div>\n      </div>\n    </div>\n{{/if}}\n<div id=\"header_placeholder\"></div>\n{{else}}\n {{#if theme_settings.theme_automotive}}\n    {{#if theme_settings.homepage_announcement_bar_show}}\n        <div class=\"top-bar\" id=\"header_banner\">\n            <button id=\"closeButton\"><span>close</span><i class=\"fa fa-close\"></i></button> \n        <div class=\"container section-gap announcementbar\" >\n            <div class=\"row\">\n                <div class=\"col-6 header-social-icons text-left\">\n                    {{#if theme_settings.social_icon_placement_top}}\n                        <div class=\"navUser-item navUser-item--social\">\n                            {{> components/common/social-links}}\n                        </div>\n                    {{/if}}\n                </div>\n                <div class=\"col-6 text-right head-promo-text\">\n                    <div class=\"header_bar\">\n                        \n                        <div class=\"topBarPromotion-carousel\"\n                        data-slick='{\n                            \"dots\": false,\n                            \"arrows\": false,\n                            \"infinite\": true,\n                            \"mobileFirst\": true,\n                            \"vertical\": true,\n                            \"autoplay\": true,\n                            \"slidesToShow\": 1,\n                            \"slidesToScroll\": 1,\n                            \"responsive\": [\n                                {\n                                    \"breakpoint\": 768,\n                                    \"settings\": {\n                                        \"arrows\": false\n                                    }\n                                }\n                            ]\n                        }'\n                    >       \n                            <div class=\"top-bar-f \">\n                                <a href=\"{{theme_settings.top_text_link}}\" title=\"offer\">{{theme_settings.top_text}}</a>         \n                            </div>\n                            <div class=\"top-bar-f\">\n                                <a href=\"{{theme_settings.top_text_link2}}\" title=\"offer\">{{theme_settings.top_text2}}</a>              \n                            </div>\n                    </div>\n                    </div>\n                </div>\n            </div>\n        </div>\n        </div>\n    {{/if}}\n <header class=\"header header-top\" role=\"banner\">\n    <a href=\"#\" class=\"mobileMenu-toggle\" data-mobile-menu-toggle=\"menu\">\n        <span class=\"mobileMenu-toggleIcon\">Toggle menu</span>\n    </a>\n    <div class=\"container  mycustom-header\">\n        <div class=\"row header-logo--{{theme_settings.logo-position}}\">\n            <div class=\"col-lg-4 col-md-4 col-sm-6 head-contact\">\n                {{#if settings.phone_number}}\n                    <strong class=\"foot-phone\"><span><svg width=\"20px\" height=\"18px\"><use xlink:href=\"#call-icon\"></use></svg></span>{{lang 'footer.call_us' phone_number=settings.phone_number}}</strong>\n                {{/if}}\n            </div>\n            <div class=\"col-lg-4 col-md-4 col-sm-6 col-xs-6\" id=\"logo\">\n                 {{#if page_type '===' 'default'}}\n                    <h1 class=\"header-logo \">\n                        {{> components/common/store-logo}}\n                    </h1>\n                {{else}}\n                    <div class=\"header-logo header-logo--{{theme_settings.logo-position}}\">\n                        {{> components/common/store-logo}}\n                    </div>\n                {{/if}}\n            </div>\n            <div class=\"col-lg-4 col-md-4 col-sm-6 head-icons\">\n                {{> components/common/navigation}}\n            </div>\n        </div>\n        \n        <div class=\"\">\n            <div class=\"cate-nav\"></div>\n        </div>\n    </div>\n    <div class=\"automotive-header-bottom\">\n        <div class=\"container\">\n            <div class=\"row\">\n                <div class=\"col-12 cate-navlg\">\n                    <div class=\"navPages-container\" id=\"menu\" data-menu>\n                        {{> components/common/navigation-menu}}\n                    </div>\n                    {{{region name=\"header_navigation_bottom--global\"}}}\n                </div>\n            </div>\n        </div>\n    </div>\n</header>\n<div id=\"header_placeholder\"></div>\n{{else}}\n{{#if theme_settings.theme_art}}\n{{#if theme_settings.homepage_announcement_bar_show}}\n<div class=\"top-bar\" id=\"header_banner\">\n    <button id=\"closeButton\"><span>close</span><i class=\"fa fa-close\"></i></button> \n<div class=\"container section-gap announcementbar\" >\n    <div class=\"row\">\n        <div class=\"col-4 header-social-icons text-left\">\n            {{#if theme_settings.social_icon_placement_top}}\n                <div class=\"navUser-item navUser-item--social\">\n                    {{> components/common/social-links}}\n                </div>\n            {{/if}}\n        </div>\n        <div class=\"col-4 text-center head-promo-text\">\n            <div class=\"header_bar\">\n                \n                <div class=\"topBarPromotion-carousel\"\n                data-slick='{\n                    \"dots\": false,\n                    \"arrows\": false,\n                    \"infinite\": true,\n                    \"mobileFirst\": true,\n                    \"vertical\": true,\n                    \"autoplay\": true,\n                    \"slidesToShow\": 1,\n                    \"slidesToScroll\": 1,\n                    \"responsive\": [\n                        {\n                            \"breakpoint\": 768,\n                            \"settings\": {\n                                \"arrows\": false\n                            }\n                        }\n                    ]\n                }'\n            >       \n                    <div class=\"top-bar-f \">\n                        <a href=\"{{theme_settings.top_text_link}}\" title=\"offer\">{{theme_settings.top_text}}</a>         \n                    </div>\n                    <div class=\"top-bar-f\">\n                        <a href=\"{{theme_settings.top_text_link2}}\" title=\"offer\">{{theme_settings.top_text2}}</a>              \n                    </div>\n            </div>\n            </div>\n        </div>\n        <div class=\"col-4 head-ask\">\n            {{#if theme_settings.hide_ask_an_expert}}\n                <div class=\"ask-an-expert-popup\">\n                    <div class=\"ask-inner\">\n\n                        <button class=\"ask-close-button\">\n                            <svg width=\"32\" height=\"32\" viewBox=\"0 0 32 32\"><defs></defs><title/><g><line class=\"cls-1\" x1=\"7\" x2=\"25\" y1=\"7\" y2=\"25\"/><line class=\"cls-1\" x1=\"7\" x2=\"25\" y1=\"25\" y2=\"7\"/></g></svg>\n                        </button>\n\n                        <div class=\"ask-header\">\n                            <h2>{{theme_settings.os_ae_title}}</h2>\n                        </div>\n                        <div class=\"ask-body\">\n                            <h3>{{theme_settings.os_ae_sub_title}}</h3>\n                            <h5>{{theme_settings.os_ae_text_2}}</h5>\n                            <div class=\"ask-form-body\">\n                                <div class=\"loadingOverlay\">&nbsp;</div>\n                                <form data-contact-form class=\"ask-form\" action=\"/pages.php?action=sendContactForm\" method=\"post\">\n        \n                                    <input type=\"hidden\" name=\"page_id\" id=\"page_id\" value=\"{{theme_settings.os_ae_web_page_id}}\">\n                                    <input type=\"hidden\" name=\"page_content\" id=\"page_content\" value=\"{{theme_settings.os_ae_subjext}}\">\n\n                                    <div class=\"form-row\">\n                                            <div class=\"form-field\">\n                                                <input class=\"form-input\" type=\"text\" id=\"contact_fullname\" name=\"contact_fullname\" value=\"\" placeholder=\"Your name\" required />\n                                            </div>\n\n                                            <div class=\"form-field\">\n                                                <input class=\"form-input\" type=\"email\" id=\"contact_email\" name=\"contact_email\" value=\"\" placeholder=\"Email address\" required />\n                                            </div>\n\n                                            <div class=\"form-field\">\n                                                <input class=\"form-input\" type=\"text\" id=\"contact_phone\" name=\"contact_phone\" value=\"\" placeholder=\"Phone number\">\n                                            </div>\n                                            \n                                            <div class=\"form-field form-field-radio\">\n                                                <label class=\"form-label\">Do you need:</label>\n                                                <input class=\"form-radio\" id=\"pricing-radio\" type=\"radio\" name=\"type_package\" checked=\"\" value=\"Pricing\">\n                                                <label class=\"form-label\" for=\"pricing-radio\">Pricing</label>\n                                                <input class=\"form-radio\" id=\"answers-radio\" type=\"radio\" name=\"type_package\" value=\"Answers\">\n                                                <label class=\"form-label\" for=\"answers-radio\">Answers</label>\n                                                <input class=\"form-radio\" id=\"both-radio\" type=\"radio\" name=\"type_package\" value=\"Pricing &amp; Answers\">\n                                                <label class=\"form-label\" for=\"both-radio\">Both</label>\n                                            </div>\n\n                                            <div class=\"form-field comment-area\">\n                                                <label class=\"form-label\" for=\"contact_comment_area\">What can i help you with today ?</label>\n                                                <textarea name=\"message\" cols=\"30\" rows=\"6\" class=\"form-input\" id=\"contact_comment_area\" required=\"true\" required></textarea>\n                                            </div>\n\n                                            <div class=\"form-field form-field-radio form-field-radio2\">\n                                                <label class=\"form-label form-label-custom\">How would you like me to contact you ?</label>\n                                                <br />\n                                                <input class=\"form-radio\" id=\"phone-radio\" type=\"radio\" name=\"type_contact\" checked=\"\" value=\"Phone\">\n                                                <label class=\"form-label\" for=\"phone-radio\">Phone</label>\n                                                <input class=\"form-radio\" id=\"email-radio\" type=\"radio\" name=\"type_contact\" value=\"Email\">\n                                                <label class=\"form-label\" for=\"email-radio\">Email</label>\n                                                <input class=\"form-radio\" id=\"both-radio-2\" type=\"radio\" name=\"type_contact\" value=\"Phone &amp; Email\">\n                                                <label class=\"form-label\" for=\"both-radio-2\">Both</label>\n                                            </div>\n\n                                    </div>\n\n                                    <div class=\"form-field\" style=\"display: none;\">\n                                        <textarea name=\"contact_question\" id=\"contact_question\" rows=\"1\" cols=\"50\" class=\"form-input\"></textarea>\n                                    </div>\n\n                                    <div class=\"form-actions\">\n                                        <div id=\"rcaptcha\" class=\"g-recaptcha\" data-sitekey=\"6LcjX0sbAAAAACp92-MNpx66FT4pbIWh-FTDmkkz\">&nbsp;</div>\n                                    </div>\n                                    <div class=\"form-actions\">\n                                        <button type=\"submit\" class=\"button\" id=\"ask-an-expert-button\">Send question</button> \n                                    </div>\n                                </form>\n\n                            </div>\n\n                            \n\n                        </div>\n                        <div class=\"ask-form-footer\">\n                            <h4>{{theme_settings.os_ae_text_1}}</h4>\n                        </div>\n                    </div>\n                </div>\n\n                <div class=\"ask-an-expert-footer\">\n                    {{#if theme_settings.hide_ask_an_expert_logo}}\n                        <div class=\"desktop-ask\">\n                            <span class=\"ask-icon\"><svg width=\"20px\" height=\"20px\"><use xlink:href=\"#askexpert\"></use></svg></span>\n                            <p class=\"ask-expert-title\">{{theme_settings.ask_ex_title}}</p>\n                        </div>\n                    {{else}}\n                        <span class=\"only-icon\">\n                            <svg width=\"40\" height=\"40\" style=\"enable-background:new 0 0 64 64;\" version=\"1.1\" viewBox=\"0 0 64 64\" xml:space=\"preserve\"><g><g id=\"Icon-Question\" transform=\"translate(178.000000, 278.000000)\"><path class=\"st0\" d=\"M-145.9-222c-13.2,0-23.9-10.7-23.9-23.9s10.7-23.9,23.9-23.9c13.2,0,23.9,10.7,23.9,23.9     S-132.7-222-145.9-222L-145.9-222z M-145.9-267.2c-11.7,0-21.3,9.6-21.3,21.3c0,11.7,9.6,21.3,21.3,21.3     c11.7,0,21.3-9.6,21.3-21.3C-124.6-257.7-134.2-267.2-145.9-267.2L-145.9-267.2z\" id=\"Fill-47\"/><path class=\"st0\" d=\"M-153.3-253.5c0.4-1.1,0.9-2,1.6-2.7c0.7-0.7,1.6-1.3,2.6-1.7c1-0.4,2.2-0.6,3.5-0.6     c1,0,2,0.2,2.9,0.5c0.9,0.3,1.7,0.8,2.4,1.3s1.2,1.3,1.6,2.1c0.4,0.8,0.6,1.8,0.6,2.9c0,1.4-0.3,2.5-0.9,3.5s-1.4,1.9-2.3,2.8     c-0.8,0.8-1.4,1.4-1.8,1.8c-0.5,0.4-0.8,0.9-1,1.3s-0.4,0.9-0.4,1.5c-0.1,0.6-0.1,1-0.1,2.1h-2.3c0-1.1,0-1.6,0.2-2.3     c0.1-0.8,0.4-1.4,0.7-2.1c0.3-0.6,0.8-1.2,1.3-1.8c0.6-0.6,1.2-1.2,2-1.9c0.7-0.6,1.3-1.3,1.7-2.1c0.5-0.8,0.7-1.7,0.7-2.6     c0-0.7-0.1-1.4-0.4-2c-0.3-0.6-0.7-1.1-1.1-1.6s-1-0.8-1.7-1c-0.6-0.2-1.3-0.4-2-0.4c-1,0-1.9,0.2-2.6,0.5     c-0.8,0.3-1.4,0.8-1.9,1.4c-0.5,0.6-0.9,1.3-1.1,2.1c-0.2,0.8-0.4,1.5-0.3,2.4h-2.3C-153.8-251.5-153.7-252.4-153.3-253.5     L-153.3-253.5z M-147.3-236h2.8v2.8h-2.8V-236z\" id=\"Fill-48\"/></g></g></svg>\n                        </span>\n                    {{/if}}\n                    <span class=\"icon-mobile\">\n                        <svg width=\"40\" height=\"40\" style=\"enable-background:new 0 0 64 64;\" version=\"1.1\" viewBox=\"0 0 64 64\" xml:space=\"preserve\"><g><g id=\"Icon-Question\" transform=\"translate(178.000000, 278.000000)\"><path class=\"st0\" d=\"M-145.9-222c-13.2,0-23.9-10.7-23.9-23.9s10.7-23.9,23.9-23.9c13.2,0,23.9,10.7,23.9,23.9     S-132.7-222-145.9-222L-145.9-222z M-145.9-267.2c-11.7,0-21.3,9.6-21.3,21.3c0,11.7,9.6,21.3,21.3,21.3     c11.7,0,21.3-9.6,21.3-21.3C-124.6-257.7-134.2-267.2-145.9-267.2L-145.9-267.2z\" id=\"Fill-47\"/><path class=\"st0\" d=\"M-153.3-253.5c0.4-1.1,0.9-2,1.6-2.7c0.7-0.7,1.6-1.3,2.6-1.7c1-0.4,2.2-0.6,3.5-0.6     c1,0,2,0.2,2.9,0.5c0.9,0.3,1.7,0.8,2.4,1.3s1.2,1.3,1.6,2.1c0.4,0.8,0.6,1.8,0.6,2.9c0,1.4-0.3,2.5-0.9,3.5s-1.4,1.9-2.3,2.8     c-0.8,0.8-1.4,1.4-1.8,1.8c-0.5,0.4-0.8,0.9-1,1.3s-0.4,0.9-0.4,1.5c-0.1,0.6-0.1,1-0.1,2.1h-2.3c0-1.1,0-1.6,0.2-2.3     c0.1-0.8,0.4-1.4,0.7-2.1c0.3-0.6,0.8-1.2,1.3-1.8c0.6-0.6,1.2-1.2,2-1.9c0.7-0.6,1.3-1.3,1.7-2.1c0.5-0.8,0.7-1.7,0.7-2.6     c0-0.7-0.1-1.4-0.4-2c-0.3-0.6-0.7-1.1-1.1-1.6s-1-0.8-1.7-1c-0.6-0.2-1.3-0.4-2-0.4c-1,0-1.9,0.2-2.6,0.5     c-0.8,0.3-1.4,0.8-1.9,1.4c-0.5,0.6-0.9,1.3-1.1,2.1c-0.2,0.8-0.4,1.5-0.3,2.4h-2.3C-153.8-251.5-153.7-252.4-153.3-253.5     L-153.3-253.5z M-147.3-236h2.8v2.8h-2.8V-236z\" id=\"Fill-48\"/></g></g></svg>\n                    </span>\n                </div>\n\n                <script src=\"https://www.google.com/recaptcha/api.js\" async=\"\" defer=\"\"></script>\n            {{/if}}\n        </div>\n    </div>\n</div>\n</div>\n{{/if}}\n<header class=\"header header-top\" role=\"banner\">\n<a href=\"#\" class=\"mobileMenu-toggle\" data-mobile-menu-toggle=\"menu\">\n<span class=\"mobileMenu-toggleIcon\">Toggle menu</span>\n</a>\n<div class=\"container  mycustom-header\">\n<div class=\"row header-logo--{{theme_settings.logo-position}}\">\n    <div class=\"col-lg-2 col-md-2 col-sm-6 col-xs-6\" id=\"logo\">\n         {{#if page_type '===' 'default'}}\n            <h1 class=\"header-logo \">\n                {{> components/common/store-logo}}\n            </h1>\n        {{else}}\n            <div class=\"header-logo header-logo--{{theme_settings.logo-position}}\">\n                {{> components/common/store-logo}}\n            </div>\n        {{/if}}\n    </div>\n    <div class=\"col-lg-8 col-md-8 col-12 cate-navlg\">\n        <div class=\"navPages-container\" id=\"menu\" data-menu>\n            {{> components/common/navigation-menu}}\n        </div>\n        {{{region name=\"header_navigation_bottom--global\"}}}\n    </div>\n    <div class=\"col-lg-2 col-md-2 col-sm-6 head-icons\">\n        {{> components/common/navigation}}\n    </div>\n</div>\n\n<div class=\"\">\n    <div class=\"cate-nav\"></div>\n</div>\n</div>\n</header>\n<div id=\"header_placeholder\"></div>\n{{/if}}\n{{/if}}\n{{/if}}\n{{{region name=\"header_bottom--global\"}}}\n{{{region name=\"header_bottom\"}}}\n\n\n",
  "components/common/store-logo": "<a href=\"{{urls.home}}\" class=\"header-logo__link\" data-header-logo-link>\n    {{#if settings.store_logo.image}}\n        {{#if theme_settings.logo_size '===' 'original'}}\n        <img class=\"header-logo-image-unknown-size\"\n             src=\"{{getImage settings.store_logo.image 'logo_size'}}\"\n             alt=\"{{settings.store_logo.title}}\"\n             title=\"{{settings.store_logo.title}}\">\n        {{else}}\n        <div class=\"header-logo-image-container\">\n            <img class=\"header-logo-image\"\n                 src=\"{{getImage settings.store_logo.image 'logo_size'}}\"\n                 srcset=\"{{getImageSrcset1x2x settings.store_logo.image theme_settings.logo_size}}\"\n                 alt=\"{{settings.store_logo.title}}\"\n                 title=\"{{settings.store_logo.title}}\">\n        </div>\n        {{/if}}\n    {{else}}\n    <span class=\"header-logo-text\">{{settings.store_logo.title}}</span>\n    {{/if}}\n</a>\n",
  "components/common/social-links": "{{#if social_media}}\n<span class=\"social-share-icon-heading\">{{lang 'social.connect'}}</span>\n    <ul class=\"socialLinks socialLinks--alt\">\n        {{#each social_media}}\n            <li class=\"socialLinks-item\">\n                <a class=\"icon icon--{{display_name}}\"\n                   href=\"{{url}}\"\n                   target=\"_blank\"\n                   rel=\"noopener\"\n                   title=\"{{{capitalize display_name}}}\"\n                >\n                    <span class=\"aria-description--hidden\">{{{capitalize display_name}}}</span>\n                    <svg>\n                        <use xlink:href=\"#icon-{{display_name}}\"/>\n                    </svg>\n                </a>\n            </li>\n        {{/each}}\n    </ul>\n{{/if}}\n",
  "components/common/navigation": "<nav class=\"navUser\">\n    <ul class=\"navUser-section navUser-section--alt\">\n        <!-- search icon -->\n        <li class=\"navUser-item head-ser\">  \n            {{> components/common/quick-search}}\n        </li>\n        <!-- account accsess for user -->\n        <li class=\"navUser-item head-user user-info myaccount\">\n            <a class=\"navUser-action\"  data-dropdown=\"account-dropdown\">\n              <span class=\"svgbg navUser-item-cartLabel list-inline\">\n                {{#if theme_settings.theme_fashion}} \n                <svg width=\"24px\" height=\"24px\"><use xlink:href=\"#huser\"></use></svg>\n                <!-- <h5 class=\"text-left\">{{lang 'login / register'}}</h5> -->\n                {{else}}\n                    {{#if theme_settings.theme_automotive}}\n                    <svg width=\"24px\" height=\"24px\"><use xlink:href=\"#huser\"></use></svg>\n                <!-- <h5 class=\"text-left\">{{lang 'login / register'}}</h5> -->\n                {{else}}\n                {{#if theme_settings.theme_art}}\n                    <svg width=\"24px\" height=\"24px\"><use xlink:href=\"#huser-fashion\"></use></svg>\n                {{/if}}\n                    {{/if}}\n                {{/if}}\n              </span>\n          </a>\n          <ul class=\"dropdown-menu user-down dropdown-menu-left headlog\" id=\"account-dropdown\" data-dropdown-content aria-hidden=\"true\">\n            <h5 class=\"text-left\">{{lang 'Your Account'}}</h5>\n            <h6 class=\"text-left\">{{lang 'Access account and manage orders'}}</h6>\n            {{#if customer}}\n                <p class=\"user-name\">{{lang 'Hi! '}}{{first (split customer.name \" \") }}</p>\n            {{/if}}\n            {{#if customer.store_credit.value '>' 0}}\n                <div class=\"mystorecredit\">\n                    <ul class=\"navUser-section\">\n                        <li class=\"navUser-item\">\n                            <a class=\"navUser-action navUser-action--storeCredit has-dropdown\"\n                               data-dropdown=\"storeCredit-dropdown\"\n                               aria-controls=\"storeCredit-dropdown\"\n                               href=\"{{urls.cart}}\"\n                               aria-label=\"{{lang 'common.store_credit_overview' credit=customer.store_credit.formatted}}\"\n                            >\n                                <span class=\"navUser-action-divider\">\n                                    {{lang 'common.store_credit_overview' credit=customer.store_credit.formatted}}\n                                </span>\n                            </a>\n                            <ul class=\"dropdown-menu\" id=\"storeCredit-dropdown\" data-dropdown-content aria-hidden=\"true\" tabindex=\"-1\">\n                                {{{lang 'common.store_credit' store_credit=customer.store_credit.formatted}}}\n                            </ul>\n                        </li>\n                    </ul>\n                </div>\n            {{/if}}\n            {{#if customer}}\n            <li class=\"acd\">\n                <a class=\"navUser-action dropdown-menu-item sign_out dro\" href=\"{{urls.auth.logout}}\">{{lang 'common.logout'}}</a>\n            </li>\n            <li class=\"acd account-dropdown\">\n                <a class=\"navUser-action dropdown-menu-item my_account dro\" href=\"{{urls.account.index}}\">{{lang 'common.account'}}</a>\n            </li>\n            {{else}}\n            <li class=\" mylogin acd\">\n              <a class=\"navUser-action dropdown-menu-item dro\" href=\"{{urls.auth.login}}\">{{lang 'common.login'}}</a>\n            </li>\n            {{#if settings.account_creation_enabled}}\n            <li class=\" mycreat acd\">\n              <a class=\"navUser-action dropdown-menu-item dro\" href=\"{{urls.auth.create_account}}\">{{lang 'common.sign_up'}}</a>\n            </li>\n            {{/if}}\n            {{/if}}\n            <li class=\" acd\">\n                    <a class=\"navUser-action navUser-item--compare\"\n                       href=\"{{urls.compare}}\"\n                       data-compare-nav\n                       aria-label=\"{{lang 'common.compare'}}\"\n                    >\n                        {{lang 'common.compare'}} <!-- <span class=\"countPill countPill--positive countPill--alt\"></span> -->\n                    </a>\n            </li>\n            <!-- Wishlist Icon -->\n            <li class=\"mywishcus acd\">\n                <div class=\"navUser-item navUser-item--wishlist\">\n                        <a class=\"cart-button cart-button--wishlist dropdown-menu-item navUser-action\" title=\"{{lang 'account.nav.wishlists'}}\" href=\"{{urls.account.wishlists.all}}\">\n                            <span>{{lang \"common.wishlist\"}}</span>\n                        </a>\n                </div>\n            </li>\n            {{#if settings.gift_certificates_enabled}}\n                <li class=\"navUser-item mygift acd\">\n                    <a class=\"navUser-action\"\n                        href=\"{{urls.gift_certificate.purchase}}\"\n                        aria-label=\"{{lang 'common.gift_cert'}}\"\n                    >\n                        {{lang 'common.gift_cert'}}\n                    </a>\n                </li>\n            {{/if}}\n            <li class=\"header-currency acd\">\n                {{> components/common/currency-selector}} \n            </li>\n            \n                \n          </ul>\n        </li>\n\n        \n        <!-- cart icon  -->\n        <li class=\"navUser-item navUser-item--cart header-cart--{{theme_settings.cart-type}}\">\n            <a class=\"navUser-action\"\n               data-cart-preview\n               data-dropdown=\"cart-preview-dropdown\"\n               data-options=\"align:right\"\n               href=\"{{urls.cart}}\"\n               aria-label=\"{{lang 'cart.nav_aria_label'}}\"\n            >\n          \n                <svg width=\"24px\" height=\"24px\"><use xlink:href=\"#hcart\"></use></svg>\n           \n            \n                <!-- <span class=\"navUser-item-cartLabel\">{{lang 'common.cart'}}</span> -->\n                <span class=\"countPill cart-quantity\"></span>\n            </a>\n            <div class=\"dropdown-menu\" id=\"cart-preview-dropdown\" data-dropdown-content aria-hidden=\"true\"><div class=\"abc\">close</div></div>\n        </li>\n    </ul>\n    \n</nav>\n",
  "components/common/navigation-menu": "<nav class=\"navPages\">\n    <ul class=\"navPages-list header-menu--{{theme_settings.menu-type}}\">\n        {{#each categories}}\n            <li class=\"navPages-item\">\n                {{> components/common/navigation-list}}\n            </li>\n        {{/each}}\n        <li class=\"navPages-item custom-header-page\">\n            <a class=\"navPages-action has-subMenu{{#if is_active}} activePage{{/if}}\" href=\"#\">pages\n                <i class=\"icon navPages-action-moreIcon main-moreicon\" data-collapsible=\"navPages-{{id}}\" aria-hidden=\"true\" aria-label=\"\" aria-controls=\"navPages-{{id}}\" aria-expanded=\"false\">\n                    <svg><use xlink:href=\"#icon-chevron-down\"></use></svg>\n                </i>\n            </a>\n            <div class=\"navPage-subMenu\" id=\"navPages-{{id}}\" aria-hidden=\"true\" tabindex=\"-1\">\n                <ul class=\"navPage-subMenu-list\">\n                    {{#unless theme_settings.hide_content_navigation}}\n                        {{#each pages}}\n                             <li class=\"navPages-item navPages-item-page\">\n                                 <a class=\"navPages-action{{#if name '==' ../page.title}} activePage{{/if}}\"\n                                    href=\"{{url}}\"\n                                    aria-label=\"{{name}}\"\n                                 >\n                                     {{name}}\n                                 </a>\n                             </li>\n                         {{/each}}\n                    {{/unless}}\n                </ul>\n            </div>       \n    </ul>\n    <!-- <ul class=\"navPages-list navPages-list--user\">\n        {{#if currency_selector.currencies.length '>' 1}}\n            <li class=\"navPages-item\">\n                <a class=\"navPages-action has-subMenu\"\n                   href=\"#\"\n                   data-collapsible=\"navPages-currency\"\n                   aria-controls=\"navPages-currency\"\n                   aria-expanded=\"false\"\n                   aria-label=\"{{lang 'common.currency' code=currency_selector.active_currency_code}}\"\n                >\n                    {{lang 'common.currency' code=currency_selector.active_currency_code}}\n                    <i class=\"icon navPages-action-moreIcon\" aria-hidden=\"true\">\n                        <svg>\n                            <use xmlns:xlink=\"http://www.w3.org/1999/xlink\" xlink:href=\"#icon-chevron-down\"></use>\n                        </svg>\n                    </i>\n                </a>\n                <div class=\"navPage-subMenu\" id=\"navPages-currency\" aria-hidden=\"true\" tabindex=\"-1\">\n                    <ul class=\"navPage-subMenu-list\">\n                        {{#each currency_selector.currencies}}\n                        <li class=\"navPage-subMenu-item\">\n                            <a class=\"navPage-subMenu-action navPages-action\"\n                               href=\"{{{switch_url}}}\"\n                               aria-label=\"{{name}}\"\n                               data-currency-code=\"{{{code}}}\"\n                               {{#if cart_currency_switch_url.length '>' 0 }}\n                               data-cart-currency-switch-url=\"{{{cart_currency_switch_url}}}\"\n                               {{/if}}\n                               data-warning=\"{{lang 'common.currency_switch_promotion'}}\"\n                            >\n                                {{#if is_active}}\n                                    <strong>{{name}}</strong>\n                                {{else}}\n                                    {{name}}\n                                {{/if}}\n                            </a>\n                        </li>\n                        {{/each}}\n                    </ul>\n                </div>\n            </li>\n        {{/if}}\n        {{#if settings.gift_certificates_enabled}}\n            <li class=\"navPages-item\">\n                <a class=\"navPages-action\"\n                   href=\"{{urls.gift_certificate.purchase}}\"\n                   aria-label=\"{{lang 'common.gift_cert'}}\"\n                >\n                    {{lang 'common.gift_cert'}}\n                </a>\n            </li>\n        {{/if}}\n        {{#if customer.store_credit.value '>' 0}}\n            <li class=\"navPages-item\">\n                <a class=\"navPages-action navPages-action--storeCredit\">\n                    {{lang 'common.store_credit_overview' credit=customer.store_credit.formatted}}\n                </a>\n            </li>\n        {{/if}}\n        {{#if theme_settings.product_list_display_mode '==' 'list'}}\n            <li class=\"navPages-item\">\n                <a class=\"navPages-action navPages-action--compare\"\n                   href=\"{{urls.compare}}\"\n                   data-compare-nav\n                   aria-label=\"{{lang 'common.compare'}}\"\n                >\n                    {{lang 'common.compare'}}\n                    <span class=\"countPill countPill--positive countPill--alt\"></span>\n                </a>\n            </li>\n        {{/if}}\n        {{#if customer}}\n            <li class=\"navPages-item\">\n                <a class=\"navPages-action has-subMenu\"\n                   href=\"{{urls.account.index}}\"\n                   data-collapsible=\"navPages-account\"\n                   aria-label=\"{{lang 'common.account'}}\"\n                >\n                    {{lang 'common.account'}}\n                    <i class=\"icon navPages-action-moreIcon\" aria-hidden=\"true\">\n                        <svg><use xlink:href=\"#icon-chevron-down\" /></svg>\n                    </i>\n                </a>\n                <div class=\"navPage-subMenu\" id=\"navPages-account\" aria-hidden=\"true\" tabindex=\"-1\">\n                    <ul class=\"navPage-subMenu-list\">\n                        <li class=\"navPage-subMenu-item\">\n                            <a class=\"navPage-subMenu-action navPages-action\"\n                               href=\"{{urls.account.orders.all}}\"\n                               aria-label=\"{{lang 'account.nav.orders'}}\"\n                            >\n                                {{lang 'account.nav.orders'}}\n                            </a>\n                        </li>\n                        {{#if settings.returns_enabled}}\n                            <li class=\"navPage-subMenu-item\">\n                                <a class=\"navPage-subMenu-action navPages-action\"\n                                   href=\"{{urls.account.returns}}\"\n                                   aria-label=\"{{lang 'account.nav.returns'}}\"\n                                >\n                                    {{lang 'account.nav.returns'}}\n                                </a>\n                            </li>\n                        {{/if}}\n                        <li class=\"navPage-subMenu-item\">\n                            <a class=\"navPage-subMenu-action navPages-action\"\n                               href=\"{{urls.account.inbox}}\"\n                               aria-label=\"{{lang 'account.mobile_nav.messages'}}\"\n                            >\n                                {{lang 'account.mobile_nav.messages'}}\n                            </a>\n                        </li>\n                        <li class=\"navPage-subMenu-item\">\n                            <a class=\"navPage-subMenu-action navPages-action\"\n                               href=\"{{urls.account.addresses}}\"\n                               aria-label=\"{{lang 'account.nav.addresses'}}\"\n                            >\n                                {{lang 'account.nav.addresses'}}\n                            </a>\n                        </li>\n                        {{#if settings.show_payment_methods}}\n                            <li class=\"navPage-subMenu-item\">\n                                <a class=\"navPage-subMenu-action navPages-action\"\n                                   href=\"{{urls.account.payment_methods.all}}\"\n                                   aria-label=\"{{lang 'account.nav.payment_methods'}}\"\n                                >\n                                    {{lang 'account.nav.payment_methods'}}\n                                </a>\n                            </li>\n                        {{/if}}\n                        <li class=\"navPage-subMenu-item\">\n                            <a class=\"navPage-subMenu-action navPages-action\"\n                               href=\"{{urls.account.wishlists.all}}\"\n                               aria-label=\"{{lang 'account.mobile_nav.wishlists'}}\"\n                            >\n                                {{lang 'account.mobile_nav.wishlists'}}\n                            </a>\n                        </li>\n                        <li class=\"navPage-subMenu-item\">\n                            <a class=\"navPage-subMenu-action navPages-action\"\n                               href=\"{{urls.account.recent_items}}\"\n                               aria-label=\"{{lang 'account.nav.recently_viewed'}}\"\n                            >\n                                {{lang 'account.nav.recently_viewed'}}\n                            </a>\n                        </li>\n                        <li class=\"navPage-subMenu-item\">\n                            <a class=\"navPage-subMenu-action navPages-action\"\n                               href=\"{{urls.account.details}}\"\n                               aria-label=\"{{lang 'account.nav.settings'}}\"\n                            >\n                                {{lang 'account.nav.settings'}}\n                            </a>\n                        </li>\n                    </ul>\n                </div>\n            </li>\n            <li class=\"navPages-item\">\n                <a class=\"navPages-action\"\n                   href=\"{{urls.auth.logout}}\"\n                   aria-label=\"{{lang 'common.logout'}}\"\n                >\n                    {{lang 'common.logout'}}\n                </a>\n            </li>\n        {{else}}\n            <li class=\"navPages-item\">\n                <a class=\"navPages-action\"\n                   href=\"{{urls.auth.login}}\"\n                   aria-label=\"{{lang 'common.login'}}\"\n                >\n                    {{lang 'common.login'}}\n                </a>\n                {{#if settings.account_creation_enabled}}\n                    {{lang 'common.or'}}\n                    <a class=\"navPages-action\"\n                       href=\"{{urls.auth.create_account}}\"\n                       aria-label=\"{{lang 'common.sign_up'}}\"\n                    >\n                        {{lang 'common.sign_up'}}\n                    </a>\n                {{/if}}\n            </li>\n        {{/if}}\n        {{#if theme_settings.social_icon_placement_top}}\n            <li class=\"navPages-item\">\n                {{> components/common/social-links}}\n            </li>\n        {{/if}}\n    </ul> -->\n</nav>\n",
  "components/common/currency-selector": "{{#if currency_selector.currencies.length '>' 1}}\n<ul class=\"navUser-section\">\n    <li class=\"navUser-item  mycurrency\">\n        <a class=\"navUser-action navUser-action--currencySelector has-dropdown\"\n           href=\"#\"\n           data-dropdown=\"currencySelection\"\n           aria-controls=\"currencySelection\"\n           aria-expanded=\"false\"\n        >\n        {{{flag}}} {{lang 'common.currency' code=currency_selector.active_currency_code}}\n            <i class=\"icon\" aria-hidden=\"true\">\n                <svg>\n                    <use xlink:href=\"#icon-chevron-down\" />\n                </svg>\n            </i>\n        </a>\n        <ul class=\"dropdown-menu\" id=\"currencySelection\" data-dropdown-content aria-hidden=\"true\" tabindex=\"-1\">\n            {{#each currency_selector.currencies}}\n            <li class=\"dropdown-menu-item\">\n                <a href=\"{{{switch_url}}}\"\n                   data-currency-code=\"{{{code}}}\"\n                   {{#if cart_currency_switch_url.length '>' 0 }}\n                   data-cart-currency-switch-url=\"{{{cart_currency_switch_url}}}\"\n                   {{/if}}\n                   data-warning=\"{{lang 'common.currency_switch_promotion'}}\"\n                >\n                {{#if is_active}}\n                    <strong>{{{flag}}} {{name}}</strong>\n                {{else}}\n                {{{flag}}} {{name}}\n                {{/if}}\n                </a>\n            </li>\n            {{/each}}\n        </ul>\n    </li>\n</ul>\n{{/if}}\n",
  "components/common/navigation-list": "{{#if @index '<' 6}}\n{{#if children}}\n<a class=\"navPages-action has-subMenu{{#if is_active}} activePage{{/if}}\"\n   href=\"{{url}}\"\n>\n    {{name}}\n    <i class=\"icon navPages-action-moreIcon\" data-collapsible=\"navPages-{{id}}\" aria-hidden=\"true\" aria-label=\"\" aria-controls=\"navPages-{{id}}\" aria-expanded=\"false\">\n        <svg><use xlink:href=\"#icon-chevron-down\" /></svg>\n    </i>\n</a>\n<div class=\"navPage-subMenu\" id=\"navPages-{{id}}\" aria-hidden=\"true\" tabindex=\"-1\">\n    <ul class=\"navPage-subMenu-list\">\n        <!-- <li class=\"navPage-subMenu-item\">\n            <a class=\"navPage-subMenu-action navPages-action\"\n               href=\"{{url}}\"\n               aria-label=\"{{lang 'category.view_all.name' category=name}}\"\n            >\n                {{lang 'category.view_all.name' category=name}}\n            </a>\n        </li> -->\n        {{#each children}}\n            <li class=\"navPage-subMenu-item\">\n                {{#if children}}\n                    <a class=\"navPage-subMenu-action navPages-action has-subMenu{{#if is_active}} activePage{{/if}}\"\n                       href=\"{{url}}\"\n                       aria-label=\"{{name}}\"\n                    >\n                        {{name}}\n                        <span class=\"collapsible-icon-wrapper\"\n                            data-collapsible=\"navPages-{{id}}\"\n                            data-collapsible-disabled-breakpoint=\"medium\"\n                            data-collapsible-disabled-state=\"open\"\n                            data-collapsible-enabled-state=\"closed\"\n                        >\n                            <i class=\"icon navPages-action-moreIcon\" aria-hidden=\"true\">\n                                <svg><use xlink:href=\"#icon-chevron-down\" /></svg>\n                            </i>\n                        </span>\n                    </a>\n                    <ul class=\"navPage-childList\" id=\"navPages-{{id}}\">\n                        {{#each children}}\n                        <li class=\"navPage-childList-item\">\n                            <a class=\"navPage-childList-action navPages-action{{#if is_active}} activePage{{/if}}\"\n                               href=\"{{url}}\"\n                               aria-label=\"{{name}}\"\n                            >\n                                {{name}}\n                            </a>\n                        </li>\n                        {{/each}}\n                    </ul>\n                {{else}}\n                    <a class=\"navPage-subMenu-action navPages-action{{#if is_active}} activePage{{/if}}\"\n                       href=\"{{url}}\"\n                       aria-label=\"{{name}}\"\n                    >\n                        {{name}}\n                    </a>\n                {{/if}}\n                <!-- <img src=\"{{getImage image}}\" class=\"img-fluid\"> -->\n            </li>\n        {{/each}}\n    </ul>\n</div>\n{{else}}\n<a class=\"navPages-action{{#if is_active}} activePage{{/if}}\"\n   href=\"{{url}}\"\n   aria-label=\"{{name}}\"\n>\n    {{name}}\n</a>\n{{/if}}\n{{/if}}",
  "components/common/quick-search": "<li id=\"search\" class=\"desktop-search d-inline-block sideb siden\">\n    {{{ snippet \"forms_search\"}}}\n    <div class=\"d-search\">\n      <button  class=\"search-toggle\" data-toggle=\"collapse\" onclick=\"openSearch()\" aria-label=\"{{lang \"search.quick_search.input_label\"}}\">\n        \n            <svg height=\"24px\" width=\"24px\"><use xlink:href=\"#mysearch\"></use></svg>\n      </button>\n    </div>\n    <div id=\"search\" class=\"wbSearch\">\n         <form class=\"form\" action=\"{{urls.search}}\">\n            <fieldset class=\"form-fieldset\">\n                <div class=\"wb-search input-group\">\n                    <label class=\"is-srOnly\">{{lang \"search.quick_search.input_label\"}}</label>\n                    <input class=\"form-input form-control\" data-search-quick name=\"search_query\" data-error-message=\"{{lang 'search.error.empty_field'}}\" placeholder=\"{{lang 'search.quick_search.input_placeholder'}}\" autocomplete=\"off\">\n                    <div class=\"input-group-btn\"><button class=\"wb-search-btn\" align=\"center\" type=\"submit\" value=\"{{lang 'search.results.form_button_text'}}\n                    \">search<svg width=\"20px\" height=\"20px\">\n                        <use xlink:href=\"#mysearch\"></use>\n                      </svg>\n                      \n                      <!-- {{lang \"search.quick_search.input_label\"}} -->\n                  </button>\n                  <a href=\"javascript:void(0)\" class=\"closebtn close-nav\" onclick=\"closeSearch()\" aria-label=\"close-nav\">X</a> \n                  </div>\n                </div>\n            </fieldset>\n        </form>\n        <section class=\"quickSearchResults\" data-bind=\"html: results\"></section>\n    \n    </div>\n    </li>\n    "
}
