{
  "components/cms/testimonial": "{{#if theme_settings.home-testimonial}}\n{{#if theme_settings.theme_fashion}}\n<div class=\"section-spacing\">\n    <div class=\"parallax-bg\">\n        <div class=\"container\">\n            <div class=\"myheadeing\">\n                <h2 class=\"page-heading\">\n                    {{theme_settings.testimonial-heading}}\n                    <p>{{theme_settings.subheading-testimonial}}</p>\n                    <span class=\"head-line\"></span>\n                </h2>\n            </div>\n            <div class=\"row pre-row\">\n                <div class=\"col-12 pre-col all-head-contant\">\n                    <div class=\"hometesti\">\n                                <section class=\"productCarousel\"\n                                            data-list-name=\"{{list}}\"\n                                            data-slick='{\n                                                \"infinite\": false,\n                                                \"mobileFirst\": true,\n                                                \"dots\": false,\n                                                \"slidesToShow\": 3,\n                                                \"slidesToScroll\": 2,\n                                                \"prevArrow\": \"{{#if customArrowClass}}.{{customArrowClass}}{{/if}}.js-product-prev-arrow-testi\",\n                                                \"nextArrow\": \"{{#if customArrowClass}}.{{customArrowClass}}{{/if}}.js-product-next-arrow-testi\",\n                                                \"responsive\": [\n                                                    {\n                                                        \"breakpoint\": 1409,\n                                                        \"settings\": {\n                                                            \"slidesToShow\": 3,\n                                                            \"slidesToScroll\": 1\n                                                        }\n                                                    },\n                                                    {\n                                                        \"breakpoint\": 1200,\n                                                        \"settings\": {\n                                                            \"slidesToShow\": 3,\n                                                            \"slidesToScroll\": 1\n                                                        }\n                                                    },\n                                                    {\n                                                        \"breakpoint\": 800,\n                                                        \"settings\": {\n                                                            \"slidesToShow\": 3,\n                                                            \"slidesToScroll\": 1\n                                                        }\n                                                    },\n                                                    {\n                                                        \"breakpoint\": 767,\n                                                        \"settings\": {\n                                                            \"slidesToShow\": 2,\n                                                            \"slidesToScroll\": 1\n                                                        }\n                                                    },\n                                                    {\n                                                        \"breakpoint\": 575,\n                                                        \"settings\": {\n                                                            \"slidesToShow\": 2,\n                                                            \"slidesToScroll\": 1\n                                                        }\n                                                    },\n                                                    {\n                                                        \"breakpoint\": 425,\n                                                        \"settings\": {\n                                                            \"slidesToShow\": 1,\n                                                            \"slidesToScroll\": 1\n                                                        }\n                                                    },\n                                                    {\n                                                        \"breakpoint\": 0,\n                                                        \"settings\": {\n                                                            \"slidesToShow\": 1,\n                                                            \"slidesToScroll\": 1\n                                                        }\n                                                    }\n                                                ]\n                                            }'\n                                        > \n                                        <div class=\"col-12 pre-col\">\n                                            <div class=\"testi-box box1\">\n                                                <svg width=\"20px\" height=\"20px\"><use xlink:href=\"#quote\"></use></svg>\n                                                <div class=\"testi-contant\">\n                                                    <p class=\"testi-description\">{{theme_settings.testimonial-contant1}}</p>\n                                                    <p class=\"testi-description\">{{theme_settings.testimonial-contant2}}</p>\n                                                </div>\n                                                <div class=\"author-detail\">\n                                                    <div class=\"img-deat\">\n                                                        <img class=\"img-fluid center-block timg lazyload\" data-sizes=\"auto\" src=\"{{cdn '/assets/img/loading.svg'}}\" data-src=\"/product_images/uploaded_images/{{theme_settings.testiimgfirst}}\"  alt=\"banner\"  />\n                                                    </div>\n                                                    <div class=\"testi-detail\">\n                                                        <h2>{{theme_settings.testimonial-name}}</h2>\n                                                        <h3>{{theme_settings.testimonial-post}}</h3>\n                                                    </div>\n                                                </div>\n                                            </div>\n                                        </div>\n                                        <div class=\"col-12 pre-col\">\n                                            <div class=\"testi-box box2\">\n                                                <svg width=\"20px\" height=\"20px\"><use xlink:href=\"#quote\"></use></svg>\n                                                <div class=\"testi-contant\">\n                                                    <p class=\"testi-description\">{{theme_settings.second-testimonial-contant1}}</p>\n                                                    <p class=\"testi-description\">{{theme_settings.second-testimonial-contant2}}</p>\n                                                </div>\n                                                <div class=\"author-detail\">\n                                                    <div class=\"img-deat\">\n                                                        <img class=\"img-fluid center-block timg lazyload\" data-sizes=\"auto\" src=\"{{cdn '/assets/img/loading.svg'}}\" data-src=\"/product_images/uploaded_images/{{theme_settings.testiimgsecond}}\"  alt=\"banner\"  />\n                                                    </div>\n                                                    <div class=\"testi-detail\">\n                                                        <h2>{{theme_settings.second-testimonial-name}}</h2>\n                                                        <h3>{{theme_settings.second-testimonial-post}}</h3>\n                                                    </div>\n                                                </div>\n                                            </div>\n                                        </div>\n                                        <div class=\"col-12 pre-col\">\n                                            <div class=\"testi-box box3\">\n                                                <svg width=\"20px\" height=\"20px\"><use xlink:href=\"#quote\"></use></svg>\n                                                <div class=\"testi-contant\">\n                                                    <p class=\"testi-description\">{{theme_settings.third-testimonial-contant1}}</p>\n                                                    <p class=\"testi-description\">{{theme_settings.third-testimonial-contant2}}</p>\n                                                </div>\n                                                <div class=\"author-detail\">\n                                                    <div class=\"img-deat\">\n                                                        <img class=\"img-fluid center-block timg lazyload\" data-sizes=\"auto\" src=\"{{cdn '/assets/img/loading.svg'}}\" data-src=\"/product_images/uploaded_images/{{theme_settings.testiimgthird}}\"  alt=\"banner\"  />\n                                                    </div>\n                                                    <div class=\"testi-detail\">\n                                                        <h2>{{theme_settings.third-testimonial-name}}</h2>\n                                                        <h3>{{theme_settings.third-testimonial-post}}</h3>\n                                                    </div>\n                                                </div>\n                                            </div>\n                                        </div>\n                                        <div class=\"col-12 pre-col\">\n                                            <div class=\"testi-box box4 \">\n                                                <svg width=\"20px\" height=\"20px\"><use xlink:href=\"#quote\"></use></svg>\n                                                <div class=\"testi-contant\">\n                                                    <p class=\"testi-description\">{{theme_settings.fourth-testimonial-contant1}}</p>\n                                                    <p class=\"testi-description\">{{theme_settings.fourth-testimonial-contant2}}</p>\n                                                </div>\n                                                <div class=\"author-detail\">\n                                                    <div class=\"img-deat\">\n                                                        <img class=\"img-fluid center-block timg lazyload\" data-sizes=\"auto\" src=\"{{cdn '/assets/img/loading.svg'}}\" data-src=\"/product_images/uploaded_images/{{theme_settings.testiimgfourth}}\"  alt=\"banner\"  />\n                                                    </div>\n                                                    <div class=\"testi-detail\">\n                                                        <h2>{{theme_settings.fourth-testimonial-name}}</h2>\n                                                        <h3>{{theme_settings.fourth-testimonial-post}}</h3>\n                                                    </div>\n                                                </div>\n                                            </div>\n                                        </div>\n                                                                    \n                                        </section>\n                    </div>\n                </div>\n            </div>\n        </div>\n    </div>\n</div>\n{{else}}\n {{#if theme_settings.theme_automotive}}\n <div class=\"section-spacing\">\n    <div class=\"parallax-bg\">\n        <div class=\"container\">\n            <div class=\"myheadeing\">\n                <h2 class=\"page-heading\">\n                    {{theme_settings.testimonial-heading}}\n                    <p>{{theme_settings.subheading-testimonial}}</p>\n                    <span class=\"head-line\"></span>\n                </h2>\n            </div>\n            <div class=\"row pre-row\">\n                <div class=\"col-12 pre-col all-head-contant\">\n                    <div class=\"hometesti\">\n                                <section class=\"productCarousel\"\n                                            data-list-name=\"{{list}}\"\n                                            data-slick='{\n                                                \"infinite\": false,\n                                                \"mobileFirst\": true,\n                                                \"dots\": false,\n                                                \"slidesToShow\": 3,\n                                                \"slidesToScroll\": 2,\n                                                \"prevArrow\": \"{{#if customArrowClass}}.{{customArrowClass}}{{/if}}.js-product-prev-arrow-testi\",\n                                                \"nextArrow\": \"{{#if customArrowClass}}.{{customArrowClass}}{{/if}}.js-product-next-arrow-testi\",\n                                                \"responsive\": [\n                                                    {\n                                                        \"breakpoint\": 1409,\n                                                        \"settings\": {\n                                                            \"slidesToShow\": 3,\n                                                            \"slidesToScroll\": 1\n                                                        }\n                                                    },\n                                                    {\n                                                        \"breakpoint\": 1200,\n                                                        \"settings\": {\n                                                            \"slidesToShow\": 3,\n                                                            \"slidesToScroll\": 1\n                                                        }\n                                                    },\n                                                    {\n                                                        \"breakpoint\": 800,\n                                                        \"settings\": {\n                                                            \"slidesToShow\": 3,\n                                                            \"slidesToScroll\": 1\n                                                        }\n                                                    },\n                                                    {\n                                                        \"breakpoint\": 767,\n                                                        \"settings\": {\n                                                            \"slidesToShow\": 2,\n                                                            \"slidesToScroll\": 1\n                                                        }\n                                                    },\n                                                    {\n                                                        \"breakpoint\": 575,\n                                                        \"settings\": {\n                                                            \"slidesToShow\": 2,\n                                                            \"slidesToScroll\": 1\n                                                        }\n                                                    },\n                                                    {\n                                                        \"breakpoint\": 425,\n                                                        \"settings\": {\n                                                            \"slidesToShow\": 1,\n                                                            \"slidesToScroll\": 1\n                                                        }\n                                                    },\n                                                    {\n                                                        \"breakpoint\": 0,\n                                                        \"settings\": {\n                                                            \"slidesToShow\": 1,\n                                                            \"slidesToScroll\": 1\n                                                        }\n                                                    }\n                                                ]\n                                            }'\n                                        > \n                                        <div class=\"col-12 pre-col\">\n                                            <div class=\"testi-box box1\">\n                                                <svg width=\"20px\" height=\"20px\"><use xlink:href=\"#quote\"></use></svg>\n                                                <div class=\"testi-contant\">\n                                                    <p class=\"testi-description\">{{theme_settings.testimonial-contant1}}</p>\n                                                    <p class=\"testi-description\">{{theme_settings.testimonial-contant2}}</p>\n                                                </div>\n                                                <div class=\"author-detail\">\n                                                    <div class=\"img-deat\">\n                                                        <img class=\"img-fluid center-block timg lazyload\" data-sizes=\"auto\" src=\"{{cdn '/assets/img/loading.svg'}}\" data-src=\"/product_images/uploaded_images/{{theme_settings.testiimgfirst}}\"  alt=\"banner\"  />\n                                                    </div>\n                                                    <div class=\"testi-detail\">\n                                                        <h2>{{theme_settings.testimonial-name}}</h2>\n                                                        <h3>{{theme_settings.testimonial-post}}</h3>\n                                                    </div>\n                                                </div>\n                                            </div>\n                                        </div>\n                                        <div class=\"col-12 pre-col\">\n                                            <div class=\"testi-box box2\">\n                                                <svg width=\"20px\" height=\"20px\"><use xlink:href=\"#quote\"></use></svg>\n                                                <div class=\"testi-contant\">\n                                                    <p class=\"testi-description\">{{theme_settings.second-testimonial-contant1}}</p>\n                                                    <p class=\"testi-description\">{{theme_settings.second-testimonial-contant2}}</p>\n                                                </div>\n                                                <div class=\"author-detail\">\n                                                    <div class=\"img-deat\">\n                                                        <img class=\"img-fluid center-block timg lazyload\" data-sizes=\"auto\" src=\"{{cdn '/assets/img/loading.svg'}}\" data-src=\"/product_images/uploaded_images/{{theme_settings.testiimgsecond}}\"  alt=\"banner\"  />\n                                                    </div>\n                                                    <div class=\"testi-detail\">\n                                                        <h2>{{theme_settings.second-testimonial-name}}</h2>\n                                                        <h3>{{theme_settings.second-testimonial-post}}</h3>\n                                                    </div>\n                                                </div>\n                                            </div>\n                                        </div>\n                                        <div class=\"col-12 pre-col\">\n                                            <div class=\"testi-box box3\">\n                                                <svg width=\"20px\" height=\"20px\"><use xlink:href=\"#quote\"></use></svg>\n                                                <div class=\"testi-contant\">\n                                                    <p class=\"testi-description\">{{theme_settings.third-testimonial-contant1}}</p>\n                                                    <p class=\"testi-description\">{{theme_settings.third-testimonial-contant2}}</p>\n                                                </div>\n                                                <div class=\"author-detail\">\n                                                    <div class=\"img-deat\">\n                                                        <img class=\"img-fluid center-block timg lazyload\" data-sizes=\"auto\" src=\"{{cdn '/assets/img/loading.svg'}}\" data-src=\"/product_images/uploaded_images/{{theme_settings.testiimgthird}}\"  alt=\"banner\"  />\n                                                    </div>\n                                                    <div class=\"testi-detail\">\n                                                        <h2>{{theme_settings.third-testimonial-name}}</h2>\n                                                        <h3>{{theme_settings.third-testimonial-post}}</h3>\n                                                    </div>\n                                                </div>\n                                            </div>\n                                        </div>\n                                        <div class=\"col-12 pre-col\">\n                                            <div class=\"testi-box box4 \">\n                                                <svg width=\"20px\" height=\"20px\"><use xlink:href=\"#quote\"></use></svg>\n                                                <div class=\"testi-contant\">\n                                                    <p class=\"testi-description\">{{theme_settings.fourth-testimonial-contant1}}</p>\n                                                    <p class=\"testi-description\">{{theme_settings.fourth-testimonial-contant2}}</p>\n                                                </div>\n                                                <div class=\"author-detail\">\n                                                    <div class=\"img-deat\">\n                                                        <img class=\"img-fluid center-block timg lazyload\" data-sizes=\"auto\" src=\"{{cdn '/assets/img/loading.svg'}}\" data-src=\"/product_images/uploaded_images/{{theme_settings.testiimgfourth}}\"  alt=\"banner\"  />\n                                                    </div>\n                                                    <div class=\"testi-detail\">\n                                                        <h2>{{theme_settings.fourth-testimonial-name}}</h2>\n                                                        <h3>{{theme_settings.fourth-testimonial-post}}</h3>\n                                                    </div>\n                                                </div>\n                                            </div>\n                                        </div>\n                                                                    \n                                        </section>\n                    </div>\n                </div>\n            </div>\n        </div>\n    </div>\n</div>\n{{else}}\n {{#if theme_settings.theme_art}}\n <div class=\"section-spacing\">\n    <div class=\"parallax-bg\">\n        <div class=\"container\">\n            <div class=\"myheadeing\">\n                <h2 class=\"page-heading\">\n                    {{theme_settings.testimonial-heading}}\n                    <p>{{theme_settings.subheading-testimonial}}</p>\n                    <span class=\"head-line\"></span>\n                </h2>\n            </div>\n            <div class=\"row pre-row\">\n                <div class=\"col-12 pre-col all-head-contant\">\n                    <div class=\"hometesti\">\n                                <section class=\"productCarousel\"\n                                            data-list-name=\"{{list}}\"\n                                            data-slick='{\n                                                \"infinite\": false,\n                                                \"mobileFirst\": true,\n                                                \"dots\": false,\n                                                \"slidesToShow\": 3,\n                                                \"slidesToScroll\": 2,\n                                                \"prevArrow\": \"{{#if customArrowClass}}.{{customArrowClass}}{{/if}}.js-product-prev-arrow-testi\",\n                                                \"nextArrow\": \"{{#if customArrowClass}}.{{customArrowClass}}{{/if}}.js-product-next-arrow-testi\",\n                                                \"responsive\": [\n                                                    {\n                                                        \"breakpoint\": 1409,\n                                                        \"settings\": {\n                                                            \"slidesToShow\": 3,\n                                                            \"slidesToScroll\": 1\n                                                        }\n                                                    },\n                                                    {\n                                                        \"breakpoint\": 1200,\n                                                        \"settings\": {\n                                                            \"slidesToShow\": 3,\n                                                            \"slidesToScroll\": 1\n                                                        }\n                                                    },\n                                                    {\n                                                        \"breakpoint\": 800,\n                                                        \"settings\": {\n                                                            \"slidesToShow\": 3,\n                                                            \"slidesToScroll\": 1\n                                                        }\n                                                    },\n                                                    {\n                                                        \"breakpoint\": 767,\n                                                        \"settings\": {\n                                                            \"slidesToShow\": 2,\n                                                            \"slidesToScroll\": 1\n                                                        }\n                                                    },\n                                                    {\n                                                        \"breakpoint\": 575,\n                                                        \"settings\": {\n                                                            \"slidesToShow\": 2,\n                                                            \"slidesToScroll\": 1\n                                                        }\n                                                    },\n                                                    {\n                                                        \"breakpoint\": 425,\n                                                        \"settings\": {\n                                                            \"slidesToShow\": 1,\n                                                            \"slidesToScroll\": 1\n                                                        }\n                                                    },\n                                                    {\n                                                        \"breakpoint\": 0,\n                                                        \"settings\": {\n                                                            \"slidesToShow\": 1,\n                                                            \"slidesToScroll\": 1\n                                                        }\n                                                    }\n                                                ]\n                                            }'\n                                        > \n                                        <div class=\"col-12 pre-col\">\n                                            <div class=\"testi-box box1\">\n                                                <svg width=\"20px\" height=\"20px\"><use xlink:href=\"#quote\"></use></svg>\n                                                <div class=\"testi-contant\">\n                                                    <p class=\"testi-description\">{{theme_settings.testimonial-contant1}}</p>\n                                                    <p class=\"testi-description\">{{theme_settings.testimonial-contant2}}</p>\n                                                </div>\n                                                <div class=\"author-detail\">\n                                                    <div class=\"img-deat\">\n                                                        <img class=\"img-fluid center-block timg lazyload\" data-sizes=\"auto\" src=\"{{cdn '/assets/img/loading.svg'}}\" data-src=\"/product_images/uploaded_images/{{theme_settings.testiimgfirst}}\"  alt=\"banner\"  />\n                                                    </div>\n                                                    <div class=\"testi-detail\">\n                                                        <h2>{{theme_settings.testimonial-name}}</h2>\n                                                        <h3>{{theme_settings.testimonial-post}}</h3>\n                                                    </div>\n                                                </div>\n                                            </div>\n                                        </div>\n                                        <div class=\"col-12 pre-col\">\n                                            <div class=\"testi-box box2\">\n                                                <svg width=\"20px\" height=\"20px\"><use xlink:href=\"#quote\"></use></svg>\n                                                <div class=\"testi-contant\">\n                                                    <p class=\"testi-description\">{{theme_settings.second-testimonial-contant1}}</p>\n                                                    <p class=\"testi-description\">{{theme_settings.second-testimonial-contant2}}</p>\n                                                </div>\n                                                <div class=\"author-detail\">\n                                                    <div class=\"img-deat\">\n                                                        <img class=\"img-fluid center-block timg lazyload\" data-sizes=\"auto\" src=\"{{cdn '/assets/img/loading.svg'}}\" data-src=\"/product_images/uploaded_images/{{theme_settings.testiimgsecond}}\"  alt=\"banner\"  />\n                                                    </div>\n                                                    <div class=\"testi-detail\">\n                                                        <h2>{{theme_settings.second-testimonial-name}}</h2>\n                                                        <h3>{{theme_settings.second-testimonial-post}}</h3>\n                                                    </div>\n                                                </div>\n                                            </div>\n                                        </div>\n                                        <div class=\"col-12 pre-col\">\n                                            <div class=\"testi-box box3\">\n                                                <svg width=\"20px\" height=\"20px\"><use xlink:href=\"#quote\"></use></svg>\n                                                <div class=\"testi-contant\">\n                                                    <p class=\"testi-description\">{{theme_settings.third-testimonial-contant1}}</p>\n                                                    <p class=\"testi-description\">{{theme_settings.third-testimonial-contant2}}</p>\n                                                </div>\n                                                <div class=\"author-detail\">\n                                                    <div class=\"img-deat\">\n                                                        <img class=\"img-fluid center-block timg lazyload\" data-sizes=\"auto\" src=\"{{cdn '/assets/img/loading.svg'}}\" data-src=\"/product_images/uploaded_images/{{theme_settings.testiimgthird}}\"  alt=\"banner\"  />\n                                                    </div>\n                                                    <div class=\"testi-detail\">\n                                                        <h2>{{theme_settings.third-testimonial-name}}</h2>\n                                                        <h3>{{theme_settings.third-testimonial-post}}</h3>\n                                                    </div>\n                                                </div>\n                                            </div>\n                                        </div>\n                                        <div class=\"col-12 pre-col\">\n                                            <div class=\"testi-box box4 \">\n                                                <svg width=\"20px\" height=\"20px\"><use xlink:href=\"#quote\"></use></svg>\n                                                <div class=\"testi-contant\">\n                                                    <p class=\"testi-description\">{{theme_settings.fourth-testimonial-contant1}}</p>\n                                                    <p class=\"testi-description\">{{theme_settings.fourth-testimonial-contant2}}</p>\n                                                </div>\n                                                <div class=\"author-detail\">\n                                                    <div class=\"img-deat\">\n                                                        <img class=\"img-fluid center-block timg lazyload\" data-sizes=\"auto\" src=\"{{cdn '/assets/img/loading.svg'}}\" data-src=\"/product_images/uploaded_images/{{theme_settings.testiimgfourth}}\"  alt=\"banner\"  />\n                                                    </div>\n                                                    <div class=\"testi-detail\">\n                                                        <h2>{{theme_settings.fourth-testimonial-name}}</h2>\n                                                        <h3>{{theme_settings.fourth-testimonial-post}}</h3>\n                                                    </div>\n                                                </div>\n                                            </div>\n                                        </div>\n                                                                    \n                                        </section>\n                    </div>\n                </div>\n            </div>\n        </div>\n    </div>\n</div>\n {{/if}}\n {{/if}}\n {{/if}}\n {{/if}}\n"
}
