{
  "components/products/tabs": "{{#if theme_settings.related_products}}\n{{#if product.related_products}}\n<div class=\"section-spacing\">\n    <div class=\"realted\">\n        <div class=\"container myheadeing\">\n            <div class=\"all-head\">\n                <h2 class=\"page-heading\">\n                    {{lang 'products.related_products'}}\n                    <p>{{theme_settings.subheading-related-product}}</p>\n                    <span class=\"head-line\"></span>\n                </h2>\n            </div>\n            <div class=\"has-jsContent next-prevb\" id=\"tab-related\">\n                {{#if settings.data_tag_enabled}}\n                    {{> components/products/related-carousel products=product.related_products columns=6 customArrowClass='js-related-product-arrow' list=\"Related Products\"}}\n                {{else}}\n                    {{> components/products/related-carousel products=product.related_products columns=6 customArrowClass='js-related-product-arrow'}}\n                {{/if}}\n            </div>\n        </div>\n    </div>\n</div>\n{{/if}}\n{{/if}}\n\n{{#if theme_settings.similar_by_views}}\n{{#if product.similar_by_views}}\n<div class=\"section-spacing\">\n    <div class=\"also-view\">\n        <div class=\"container myheadeing\">\n            <div class=\"all-head\">\n                <h2 class=\"page-heading\">\n                    {{lang 'products.similar_by_views'}}\n                    <p>{{theme_settings.subheading-similar-product}}</p>\n                    <span class=\"head-line\"></span>\n                </h2>\n            </div>\n            <div id=\"tab-similar\" class=\"next-prevb\">\n                {{> components/products/also-viewed-carousel products=product.similar_by_views columns=6 list=\"Customers Also Viewed\" customArrowClass='js-viewed-product-arrow' }}\n            </div>\n        </div>\n    </div>\n</div>\n{{/if}}\n{{/if}}\n",
  "components/products/related-carousel": "<section class=\"productCarousel\"\n    data-list-name=\"{{list}}\"\n    data-slick='{\n        \"infinite\": false,\n        \"mobileFirst\": true,\n        \"rows\": 1,\n        \"prevArrow\": \"{{#if customArrowClass}}.{{customArrowClass}}{{/if}}.js-product-prev-arrow-featured\",\n        \"nextArrow\": \"{{#if customArrowClass}}.{{customArrowClass}}{{/if}}.js-product-next-arrow-featured\",\n        \"responsive\": [\n        {\n            \"breakpoint\": 1409,\n            \"settings\": {\n                \"slidesToShow\": 4,\n                \"slidesToScroll\": 1\n            }\n        },\n        {\n            \"breakpoint\": 1200,\n            \"settings\": {\n                \"slidesToShow\": 4,\n                \"slidesToScroll\": 1\n            }\n        },\n        {\n            \"breakpoint\": 991,\n            \"settings\": {\n                \"slidesToShow\": 4,\n                \"slidesToScroll\": 1\n            }\n        },\n        {\n            \"breakpoint\": 801,\n            \"settings\": {\n                \"slidesToShow\": 4,\n                \"slidesToScroll\": 1\n            }\n        },\n        {\n            \"breakpoint\": 767,\n            \"settings\": {\n                \"slidesToShow\": 3,\n                \"slidesToScroll\": 1\n            }\n        },\n        {\n            \"breakpoint\": 601,\n            \"settings\": {\n                \"slidesToShow\": 3,\n                \"slidesToScroll\": 1\n            }\n        },\n        {\n            \"breakpoint\": 375,\n            \"settings\": {\n                \"slidesToShow\": 2,\n                \"slidesToScroll\": 1\n            }\n        },\n        {\n            \"breakpoint\": 0,\n            \"settings\": {\n                \"slidesToShow\": 2,\n                \"slidesToScroll\": 1\n            }\n        }\n    ]\n}'\n>\n    {{#each products}}\n    <div data-product-slide class=\"productCarousel-slide js-product-slide\" class=\"related-product\">\n        {{> components/products/card show_compare=1 show_rating=../settings.show_product_rating settings=../settings theme_settings=../theme_settings customer=../customer event=\"list\" position=(add @index 1)}}\n    </div>\n    {{/each}}\n    {{#if products.length '>' 1}}\n        {{> components/carousel-content-announcement}}\n    {{/if}}\n</section>\n\n<div class=\"all-btn related-product\">\n    {{#if products.length '>' 1}}\n    <button aria-label=\"{{lang 'carousel.arrowAriaLabel'}} {{products.length}}\" class=\"{{#if customArrowClass}}{{customArrowClass}} {{/if}}js-product-prev-arrow-featured slick-prev slick-arrow\"><svg width=\"38px\" height=\"26px\"><use xlink:href=\"#arrow-left\"></use></svg></button>\n    {{/if}}\n    {{#if products.length '>' 1}}\n    <button aria-label=\"{{lang 'carousel.arrowAriaLabel'}} {{products.length}}\" class=\"{{#if customArrowClass}}{{customArrowClass}} {{/if}}js-product-next-arrow-featured slick-next slick-arrow\"><svg width=\"38px\" height=\"26px\"><use xlink:href=\"#arrow-right\"></use></svg></button>\n    {{/if}}\n</div>",
  "components/products/also-viewed-carousel": "\n<section class=\"productCarousel\"\n    data-list-name=\"{{list}}\"\n    data-slick='{\n        \"infinite\": false,\n        \"mobileFirst\": true,\n        \"dots\": false,\n        \"slidesToShow\": 2,\n        \"slidesToScroll\": 2,\n        \"prevArrow\": \"{{#if customArrowClass}}.{{customArrowClass}}{{/if}}.js-product-prev-arrow-also-view\",\n        \"nextArrow\": \"{{#if customArrowClass}}.{{customArrowClass}}{{/if}}.js-product-next-arrow-also-view\",\n        \"responsive\": [\n        {\n            \"breakpoint\": 1409,\n            \"settings\": {\n                \"slidesToShow\": 4,\n                \"slidesToScroll\": 1\n            }\n        },\n        {\n            \"breakpoint\": 1200,\n            \"settings\": {\n                \"slidesToShow\": 4,\n                \"slidesToScroll\": 1\n            }\n        },\n        {\n            \"breakpoint\": 991,\n            \"settings\": {\n                \"slidesToShow\": 4,\n                \"slidesToScroll\": 1\n            }\n        },\n        {\n            \"breakpoint\": 801,\n            \"settings\": {\n                \"slidesToShow\": 4,\n                \"slidesToScroll\": 1\n            }\n        },\n        {\n            \"breakpoint\": 767,\n            \"settings\": {\n                \"slidesToShow\": 3,\n                \"slidesToScroll\": 1\n            }\n        },\n        {\n            \"breakpoint\": 601,\n            \"settings\": {\n                \"slidesToShow\": 3,\n                \"slidesToScroll\": 1\n            }\n        },\n        {\n            \"breakpoint\": 375,\n            \"settings\": {\n                \"slidesToShow\": 2,\n                \"slidesToScroll\": 1\n            }\n        },\n        {\n            \"breakpoint\": 0,\n            \"settings\": {\n                \"slidesToShow\": 2,\n                \"slidesToScroll\": 1\n            }\n        }\n    ]\n}'\n>\n    {{#each products}}\n    <div data-product-slide class=\"productCarousel-slide js-product-slide\" class=\"also-viewed-product\">\n        {{> components/products/card show_compare=1 show_rating=../settings.show_product_rating settings=../settings theme_settings=../theme_settings customer=../customer event=\"list\" position=(add @index 1)}}\n    </div>\n    {{/each}}\n    {{#if products.length '>' 1}}\n        {{> components/carousel-content-announcement}}\n    {{/if}}\n</section>\n\n<div class=\"all-btn also-viewed-product\">\n    {{#if products.length '>' 1}}\n    <button aria-label=\"{{lang 'carousel.arrowAriaLabel'}} {{products.length}}\" class=\"{{#if customArrowClass}}{{customArrowClass}} {{/if}}js-product-prev-arrow-also-view slick-prev slick-arrow\"><svg width=\"38px\" height=\"26px\"><use xlink:href=\"#arrow-left\"></use></svg></button>\n    {{/if}}\n    {{#if products.length '>' 1}}\n    <button aria-label=\"{{lang 'carousel.arrowAriaLabel'}} {{products.length}}\" class=\"{{#if customArrowClass}}{{customArrowClass}} {{/if}}js-product-next-arrow-also-view slick-next slick-arrow\"><svg width=\"38px\" height=\"26px\"><use xlink:href=\"#arrow-right\"></use></svg></button>\n    {{/if}}\n</div>\n",
  "components/carousel-content-announcement": "<span\n    data-carousel-content-change-message\n    class=\"aria-description--hidden\"\n    aria-live=\"polite\" \n    role=\"status\"></span>\n",
  "components/products/card": "<article\nclass=\"card new-card card-figure\n{{#if alternate}} card--alternate{{/if}}\"\ndata-test=\"card-{{id}}\"\nattr-cards-ids=\"{{id}}\"\n{{#if settings.data_tag_enabled}}\n    data-event-type=\"{{event}}\"\n    data-entity-id=\"{{id}}\"\n    data-position=\"{{position}}\"\n    data-name=\"{{name}}\"\n    data-product-category=\"\n    {{#each category}}\n        {{#if @last}}\n            {{this}}\n        {{else}}\n            {{this}},\n        {{/if}}\n    {{/each}}\"\n    data-product-brand=\"{{brand.name}}\"\n    data-product-price=\"\n    {{#or customer (unless settings.hide_price_from_guests)}}\n        {{#if price.with_tax}}\n            {{price.with_tax.value}}\n        {{else}}\n            {{price.without_tax.value}}\n        {{/if}}\n    {{else}}\n        {{lang 'common.login_for_pricing'}}\n    {{/or}}\"\n{{/if}}>\n    {{#or price.sale_price_with_tax.value price.sale_price_without_tax.value}}\n            {{#if theme_settings.product_sale_badges '===' 'sash'}}\n                <div class=\"sale-flag-sash\">\n                    <span class=\"sale-text\">{{{theme_settings.pdp_sale_badge_label}}}</span>\n                </div>\n            {{else if theme_settings.product_sale_badges '===' 'topleft'}}\n                <div class=\"sale-flag-side\">\n                    <span class=\"sale-text\">{{{theme_settings.pdp_sale_badge_label}}}</span>\n                </div>\n            {{else if theme_settings.product_sale_badges '===' 'burst'}}\n                <div class=\"starwrap\">\n                    <div class=\"sale-text-burst\">{{{theme_settings.pdp_sale_badge_label}}}</div>\n                    <div class=\"sale-flag-star\"></div>\n                </div>\n            {{/if}} \n            \n        {{/or}}\n        {{#if out_of_stock_message }}\n            {{#if theme_settings.pdp_sold_out_label}}\n            {{#if theme_settings.product_sale_badges '===' 'sash'}}\n                <div class=\"sold-out-flag-sash sold_out\">\n                    <span class=\"sale-text\">{{{theme_settings.pdp_sold_out_label}}}</span>\n                </div>\n            {{else if theme_settings.product_sale_badges '===' 'topleft'}}\n                <div class=\"sold-out-side sold_out\">\n                    <span class=\"sale-text\">{{{theme_settings.pdp_sold_out_label}}}</span>\n                </div>\n            {{else if theme_settings.product_sale_badges '===' 'burst'}}\n                <div class=\"starwrap sold_out\">\n                    <div class=\"sale-text-burst\">{{{theme_settings.pdp_sold_out_label}}}</div>\n                    <div class=\"sold-out-flag-star\"></div>\n                </div>\n            {{/if}} \n        {{/if}}\n        {{/if}}\n    <figure class=\"card-figure featured-imag\">\n        <a href=\"{{url}}\" {{#if settings.data_tag_enabled}} data-event-type=\"product-click\" {{/if}}>\n            <div class=\"card-img-container\">\n                {{> components/common/responsive-img\n                    image=image\n                    class=\"card-image\"\n                    fallback_size=theme_settings.productgallery_size\n                    lazyload=theme_settings.lazyload_mode\n                    default_image=theme_settings.default_image_product\n                }}\n            </div>\n            {{#each (limit images 2)}}\n                {{#if @index '>' 0}}\n                    <img src=\"{{getImage this 'productgallery_size' (cdn theme_settings.default_image_product)}}\" alt=\"{{this.alt}}\" title=\"{{this.alt}}\" class=\"second-img\">\n                {{/if}}\n            {{/each}}\n        </a>\n    </figure>\n    {{#if theme_settings.theme_fashion}}\n    <div class=\"card-body\">\n        {{#if theme_settings.brand_name}}\n            {{#if brand.name}}\n                <p class=\"card-text product-brandname\" data-test-info-type=\"brandName\">{{brand.name}}</p>\n            {{/if}}\n        {{/if}}\n\n        <div class=\"title-rating\">\n            <h3 class=\"card-title\">\n                <a href=\"{{url}}\" {{#if settings.data_tag_enabled}} data-event-type=\"product-click\" {{/if}}>{{name}}</a>\n            </h3>\n            <div class=\"card-text card-rating\" data-test-info-type=\"productRating\">\n                <span class=\"rating--small\">\n                    {{> components/products/ratings rating=rating}}\n                </span>\n            </div>\n        </div>\n        {{#if summary}}\n            <div class=\"listdes\">{{{last (split summary '[/shortcode]')}}}</div>\n        {{/if}}\n\n        <div class=\"price-variant\">\n            <div class=\"card-text myprice\" data-test-info-type=\"price\">\n                {{#or customer (if theme_settings.restrict_to_login '!==' true)}}\n                    {{> components/products/price price=price}}\n                {{else}}\n                    {{> components/common/login-for-pricing}}\n                {{/or}}\n            </div>\n            {{#if theme_settings.show_card_swatch}}<div class=\"card-product-swatch\"></div>{{/if}}\n        </div>\n\n        {{> components/products/bulk-discount-rates}}\n        <figcaption class=\"card-figcaption\">\n            <div class=\"card-figcaption-body\">\n                <!-- quick view icon -->\n                {{#unless hide_product_quick_view}}\n                {{#if theme_settings.show_product_quick_view}}\n                {{#if settings.data_tag_enabled}}\n                <button class=\"button button--small card-figcaption-button quickview\" data-event-type=\"product-click\" data-product-id=\"{{id}}\">{{lang 'products.quick_view'}}<svg width=\"16px\" height=\"16px\"><use xlink:href=\"#bquick\"></use></svg></button>\n                {{else}}\n                <button class=\"button button--small card-figcaption-button quickview\" data-product-id=\"{{id}}\">{{lang 'products.quick_view'}}<svg width=\"16px\" height=\"16px\"><use xlink:href=\"#bquick\"></use></svg></button>\n                {{/if}}\n                {{/if}}\n                {{/unless}}\n                <!-- compare icon -->\n                {{#if show_compare}}\n                    <label class=\"button button--small card-figcaption-button bcom compare compare-{{id}}\" for=\"compare-{{id}}\" title=\"{{lang 'products.compare'}}\">\n                        <svg width=\"16px\" height=\"16px\"> <use xlink:href=\"#compareicon\"></use></svg><input class=\"wb-compare\" type=\"checkbox\" name=\"products[]\" value=\"{{id}}\" data-compare-id=\"{{id}}\" id=\"compare-{{id}}\">\n                    </label>\n                {{/if}}\n                <!-- add to cart icon -->\n                <div class=\"add-cart\">\n                    {{#or customer (if theme_settings.restrict_to_login '!==' true)}}\n                        {{#if show_cart_action}}\n                            {{#if has_options}}\n                                <a href=\"{{url}}\" data-event-type=\"product-click\" title=\"{{lang 'products.choose_options'}}\" class=\"button button--small card-figcaption-button myadcart\" data-product-id=\"{{id}}\"><svg width=\"16px\" height=\"16px\"><use xlink:href=\"#pro-hcart\"></use></svg><span class=\"cart-text\">{{lang 'choose option'}}</span></a>\n                            {{/if}}\n                            {{#if pre_order}}\n                                <a href=\"{{pre_order_add_to_cart_url}}\" title=\"{{lang 'products.pre_order'}}\" data-event-type=\"product-click\" class=\"button button--small card-figcaption-button myadcart\"><svg width=\"16px\" height=\"16px\"><use xlink:href=\"#pro-hcart\"></use></svg><span class=\"cart-text\">{{lang 'pre order'}}</span></a>\n                            {{/if}}\n                            {{#if add_to_cart_url }}\n                                <a href=\"{{add_to_cart_url}}\" title=\"{{lang 'products.add_to_cart'}}\" data-event-type=\"product-click\" class=\"button button--small card-figcaption-button myadcart\"><svg width=\"16px\" height=\"16px\"><use xlink:href=\"#pro-hcart\"></use></svg><span class=\"cart-text\">{{lang 'add to cart'}}</span></a>\n                            {{/if}}\n                            {{#if out_of_stock_message }}\n                                <a href=\"{{url}}\" title=\"{{out_of_stock_message}}\" data-event-type=\"product-click\" class=\"button button--small card-figcaption-button myadcart\" data-product-id=\"{{id}}\"><svg width=\"16px\" height=\"16px\"><use xlink:href=\"#pro-hcart\"></use></svg><span class=\"cart-text\">{{lang 'out of stock'}}</span></a>\n                            {{/if}}\n                        {{/if}}\n                    {{/or}}\n                </div>\n\n                <!-- wishlist icon -->\n                {{#if settings.show_wishlist}}\n                    <button href=\"/wishlist.php?action=add&product_id={{id}}\" aria-label=\"wishlist\" class=\"wishlist button{{#if theme_settings.show_product_wishlist_mb}} show-mobile{{/if}} card-figcaption-button\">\n                        <svg class=\"icon\"><use xlink:href=\"#hwishlist\"/></svg>\n                        <span class=\"text\">{{lang 'account.wishlists.add'}}</span> \n                    </button>\n                {{/if}}\n                \n            </div>\n        </figcaption> \n    </div>\n    {{else}} \n    {{#if theme_settings.theme_automotive}}\n    <div class=\"card-body\">\n        {{#if theme_settings.brand_name}}\n            {{#if brand.name}}\n                <p class=\"card-text product-brandname\" data-test-info-type=\"brandName\">{{brand.name}}</p>\n            {{/if}}\n        {{/if}}\n\n        <div class=\"title-rating\">\n            <h3 class=\"card-title\">\n                <a href=\"{{url}}\" {{#if settings.data_tag_enabled}} data-event-type=\"product-click\" {{/if}}>{{name}}</a>\n            </h3>\n            <div class=\"card-text card-rating\" data-test-info-type=\"productRating\">\n                <span class=\"rating--small\">\n                    {{> components/products/ratings rating=rating}}\n                </span>\n            </div>\n        </div>\n        {{#if summary}}\n            <div class=\"listdes\">{{{last (split summary '[/shortcode]')}}}</div>\n        {{/if}}\n\n        <div class=\"price-variant\">\n            <div class=\"card-text myprice\" data-test-info-type=\"price\">\n                {{#or customer (if theme_settings.restrict_to_login '!==' true)}}\n                    {{> components/products/price price=price}}\n                {{else}}\n                    {{> components/common/login-for-pricing}}\n                {{/or}}\n            </div>\n            {{#if theme_settings.show_card_swatch}}<div class=\"card-product-swatch\"></div>{{/if}}\n        </div>\n\n        {{> components/products/bulk-discount-rates}}\n        <figcaption class=\"card-figcaption\">\n            <div class=\"card-figcaption-body\">\n                <!-- quick view icon -->\n                {{#unless hide_product_quick_view}}\n                {{#if theme_settings.show_product_quick_view}}\n                {{#if settings.data_tag_enabled}}\n                <button class=\"button button--small card-figcaption-button quickview\" data-event-type=\"product-click\" data-product-id=\"{{id}}\">{{lang 'products.quick_view'}}<svg width=\"16px\" height=\"16px\"><use xlink:href=\"#bquick\"></use></svg></button>\n                {{else}}\n                <button class=\"button button--small card-figcaption-button quickview\" data-product-id=\"{{id}}\">{{lang 'products.quick_view'}}<svg width=\"16px\" height=\"16px\"><use xlink:href=\"#bquick\"></use></svg></button>\n                {{/if}}\n                {{/if}}\n                {{/unless}}\n                <!-- compare icon -->\n                {{#if show_compare}}\n                    <label class=\"button button--small card-figcaption-button bcom compare compare-{{id}}\" for=\"compare-{{id}}\" title=\"{{lang 'products.compare'}}\">\n                        <svg width=\"16px\" height=\"16px\"> <use xlink:href=\"#compareicon\"></use></svg><input class=\"wb-compare\" type=\"checkbox\" name=\"products[]\" value=\"{{id}}\" data-compare-id=\"{{id}}\" id=\"compare-{{id}}\">\n                    </label>\n                {{/if}}\n                <!-- add to cart icon -->\n                <div class=\"add-cart\">\n                    {{#or customer (if theme_settings.restrict_to_login '!==' true)}}\n                        {{#if show_cart_action}}\n                            {{#if has_options}}\n                                <a href=\"{{url}}\" data-event-type=\"product-click\" title=\"{{lang 'products.choose_options'}}\" class=\"button button--small card-figcaption-button myadcart\" data-product-id=\"{{id}}\"><svg width=\"16px\" height=\"16px\"><use xlink:href=\"#pro-hcart\"></use></svg><span class=\"cart-text\">{{lang 'choose option'}}</span></a>\n                            {{/if}}\n                            {{#if pre_order}}\n                                <a href=\"{{pre_order_add_to_cart_url}}\" title=\"{{lang 'products.pre_order'}}\" data-event-type=\"product-click\" class=\"button button--small card-figcaption-button myadcart\"><svg width=\"16px\" height=\"16px\"><use xlink:href=\"#pro-hcart\"></use></svg><span class=\"cart-text\">{{lang 'pre order'}}</span></a>\n                            {{/if}}\n                            {{#if add_to_cart_url }}\n                                <a href=\"{{add_to_cart_url}}\" title=\"{{lang 'products.add_to_cart'}}\" data-event-type=\"product-click\" class=\"button button--small card-figcaption-button myadcart\"><svg width=\"16px\" height=\"16px\"><use xlink:href=\"#pro-hcart\"></use></svg><span class=\"cart-text\">{{lang 'add to cart'}}</span></a>\n                            {{/if}}\n                            {{#if out_of_stock_message }}\n                                <a href=\"{{url}}\" title=\"{{out_of_stock_message}}\" data-event-type=\"product-click\" class=\"button button--small card-figcaption-button myadcart\" data-product-id=\"{{id}}\"><svg width=\"16px\" height=\"16px\"><use xlink:href=\"#pro-hcart\"></use></svg><span class=\"cart-text\">{{lang 'out of stock'}}</span></a>\n                            {{/if}}\n                        {{/if}}\n                    {{/or}}\n                </div>\n\n                <!-- wishlist icon -->\n                {{#if settings.show_wishlist}}\n                    <button href=\"/wishlist.php?action=add&product_id={{id}}\" aria-label=\"wishlist\" class=\"wishlist button{{#if theme_settings.show_product_wishlist_mb}} show-mobile{{/if}} card-figcaption-button\">\n                        <svg class=\"icon\"><use xlink:href=\"#hwishlist\"/></svg>\n                        <span class=\"text\">{{lang 'account.wishlists.add'}}</span> \n                    </button>\n                {{/if}}\n                \n            </div>\n        </figcaption> \n    </div>\n    {{else}}\n    {{#if theme_settings.theme_art}}\n    <div class=\"card-body\">\n        {{#if theme_settings.brand_name}}\n            {{#if brand.name}}\n                <p class=\"card-text product-brandname\" data-test-info-type=\"brandName\">{{brand.name}}</p>\n            {{/if}}\n        {{/if}}\n\n        <div class=\"title-rating\">\n            <h3 class=\"card-title\">\n                <a href=\"{{url}}\" {{#if settings.data_tag_enabled}} data-event-type=\"product-click\" {{/if}}>{{name}}</a>\n            </h3>\n            <div class=\"card-text card-rating\" data-test-info-type=\"productRating\">\n                <span class=\"rating--small\">\n                    {{> components/products/ratings rating=rating}}\n                </span>\n            </div>\n        </div>\n        {{#if summary}}\n            <div class=\"listdes\">{{{last (split summary '[/shortcode]')}}}</div>\n        {{/if}}\n\n        <div class=\"price-variant\">\n            <div class=\"card-text myprice\" data-test-info-type=\"price\">\n                {{#or customer (if theme_settings.restrict_to_login '!==' true)}}\n                    {{> components/products/price price=price}}\n                {{else}}\n                    {{> components/common/login-for-pricing}}\n                {{/or}}\n            </div>\n            {{#if theme_settings.show_card_swatch}}<div class=\"card-product-swatch\"></div>{{/if}}\n        </div>\n\n        {{> components/products/bulk-discount-rates}}\n        <figcaption class=\"card-figcaption\">\n            <div class=\"card-figcaption-body\">\n                <!-- quick view icon -->\n                {{#unless hide_product_quick_view}}\n                {{#if theme_settings.show_product_quick_view}}\n                {{#if settings.data_tag_enabled}}\n                <button class=\"button button--small card-figcaption-button quickview\" data-event-type=\"product-click\" data-product-id=\"{{id}}\">{{lang 'products.quick_view'}}<svg width=\"16px\" height=\"16px\"><use xlink:href=\"#bquick\"></use></svg></button>\n                {{else}}\n                <button class=\"button button--small card-figcaption-button quickview\" data-product-id=\"{{id}}\">{{lang 'products.quick_view'}}<svg width=\"16px\" height=\"16px\"><use xlink:href=\"#bquick\"></use></svg></button>\n                {{/if}}\n                {{/if}}\n                {{/unless}}\n                <!-- compare icon -->\n                {{#if show_compare}}\n                    <label class=\"button button--small card-figcaption-button bcom compare compare-{{id}}\" for=\"compare-{{id}}\" title=\"{{lang 'products.compare'}}\">\n                        <svg width=\"16px\" height=\"16px\"> <use xlink:href=\"#compareicon\"></use></svg><input class=\"wb-compare\" type=\"checkbox\" name=\"products[]\" value=\"{{id}}\" data-compare-id=\"{{id}}\" id=\"compare-{{id}}\">\n                    </label>\n                {{/if}}\n\n                <!-- wishlist icon -->\n                {{#if settings.show_wishlist}}\n                    <button href=\"/wishlist.php?action=add&product_id={{id}}\" aria-label=\"wishlist\" class=\"wishlist button{{#if theme_settings.show_product_wishlist_mb}} show-mobile{{/if}} card-figcaption-button\">\n                        <svg class=\"icon\"><use xlink:href=\"#hwishlist\"/></svg>\n                        <span class=\"text\">{{lang 'account.wishlists.add'}}</span> \n                    </button>\n                {{/if}}\n            </div> \n            \n        </figcaption> \n        <figcaption class=\"card-figcaption card-figcaption-cart\">\n            <div class=\"card-figcaption-body figcaption-cart\"> \n                <!-- add to cart icon -->\n                <div class=\"add-cart\">\n                    {{#or customer (if theme_settings.restrict_to_login '!==' true)}}\n                        {{#if show_cart_action}}\n                            {{#if has_options}}\n                                <a href=\"{{url}}\" data-event-type=\"product-click\" title=\"{{lang 'products.choose_options'}}\" class=\"button button--small card-figcaption-button myadcart\" data-product-id=\"{{id}}\"><svg width=\"16px\" height=\"16px\"><use xlink:href=\"#pro-hcart\"></use></svg><span class=\"cart-text\">{{lang 'choose option'}}</span></a>\n                            {{/if}}\n                            {{#if pre_order}}\n                                <a href=\"{{pre_order_add_to_cart_url}}\" title=\"{{lang 'products.pre_order'}}\" data-event-type=\"product-click\" class=\"button button--small card-figcaption-button myadcart\"><svg width=\"16px\" height=\"16px\"><use xlink:href=\"#pro-hcart\"></use></svg><span class=\"cart-text\">{{lang 'pre order'}}</span></a>\n                            {{/if}}\n                            {{#if add_to_cart_url }}\n                                <a href=\"{{add_to_cart_url}}\" title=\"{{lang 'products.add_to_cart'}}\" data-event-type=\"product-click\" class=\"button button--small card-figcaption-button myadcart\"><svg width=\"16px\" height=\"16px\"><use xlink:href=\"#pro-hcart\"></use></svg><span class=\"cart-text\">{{lang 'add to cart'}}</span></a>\n                            {{/if}}\n                            {{#if out_of_stock_message }}\n                                <a href=\"{{url}}\" title=\"{{out_of_stock_message}}\" data-event-type=\"product-click\" class=\"button button--small card-figcaption-button myadcart\" data-product-id=\"{{id}}\"><svg width=\"16px\" height=\"16px\"><use xlink:href=\"#pro-hcart\"></use></svg><span class=\"cart-text\">{{lang 'out of stock'}}</span></a>\n                            {{/if}}\n                        {{/if}}\n                    {{/or}}\n                </div>\n            </div>\n        </figcaption>\n    </div>\n    {{/if}}\n    {{/if}}\n    {{/if}}\n</article>\n",
  "components/common/responsive-img": "{{!--\nThis file implements the lazysizes srcset pattern (as seen on\nhttps://github.com/aFarkas/lazysizes#modern-transparent-srcset-pattern) for maximum performance on modern browsers\nand reasonable compatibility with legacy browsers.\n\nThere are a few important arguments to know about when using this component:\n`lazyload`:\n    - If set to 'lazyload+lqip', will load a low-res image which will be replaced by lazysizes - ensuring that SOME\n    content is shown immediately on page load. Without LQIP, a transparent gif will be used instead, which reduces\n    the number of requests needed to load the page, making it even faster.\n    - If set to 'lazyload', the browser will not load the full-size image at first, instead the lazysizes plugin will\n        load it progressively after page load. This improves the load speed of the page, but it should be disabled for\n        high-priority above-the-fold images.\n    - If set to 'disabled', will not attempt to lazyload the image and instead tell the browser to load it immediately.\n        Use this for high-priority images that are above the fold.\n\n`fallback_size`:\n    This is the size to use for this image in legacy browsers that do not support srcset.\n    Can be defined as a pixel bounding-box size (e.g. \"123x123) or inherent width (e.g. \"123w\").\n\n`class`:\n    The CSS classes to add to the image, e.g. \"card-image\". If lazyloading is enabled, all images will have the\n    \"lazyload\" class so that lazysizes will target them automatically.\n\n`otherAttributes`:\n    Any other HTML attributes you want on the img tag, for example \"height='100' width='100'\"\n\n`default_image`:\n    The default image to use if `image` is undefined or falsy. Should be a theme asset, usually defined as a relative\n    path in the theme config. If a default image is not provided, you'll get an image tag with no image if the primary\n    image is undefined.\n\n`lqip_size`:\n    If you want to specify a particular size for the LQIP image, you can do so with this argument. A default of 80\n    pixels wide will be used otherwise. This argument has no effect if the lazyload mode is not \"lazyload+lqip\".\n\n--}}\n<img {{#if image}}{{!-- Get the default image for legacy browsers that do not support srcset\n--}}src=\"{{getImageSrcset image 1x=(default fallback_size '160w')}}\" alt=\"{{image.alt}}\" title=\"{{image.alt}}\" {{!--\n  Allow lazysizes to generate the 'sizes' attribute automatically --}}data-sizes=\"auto\"\n  {{#unless lazyload '==' 'disabled'}}\n    {{#if lazyload '==' 'lazyload+lqip'}}\n    {{!-- If we want a LQIP, include it as the default srcset (will be overwritten by lazysizes) --}}\n    srcset=\"{{getImageSrcset image 1x=(default lqip_size '80w')}}\"\n    {{else}}\n      {{!-- If we don't want a LQIP, use a 1px transparent gif for the stand-in image\n            This requires no additional network request, so it's fast --}}\n    srcset=\"data:image/gif;base64,R0lGODlhAQABAIAAAP///wAAACH5BAEAAAAALAAAAAABAAEAAAICRAEAOw==\"\n    {{/if}}\n{{/unless}}\n{{!-- If lazyloading is disabled, just use \"srcset\". If it is not disabled, use \"data-srcset\" so lazysizes will use\n      this after page load --}}\n{{!--\nGenerate the srcset string using the default sizes defined in the helper. This will allow the browser to\npick the best-sized image based on its own understanding of how it will render the page.\n--}}\n{{#unless lazyload '==' 'disabled'}}data-{{/unless}}srcset=\"{{getImageSrcset image use_default_sizes=true }}\"\n{{else if default_image}}src=\"{{cdn default_image}}\" alt=\"{{lang 'products.card_default_image_alt'}}\"{{/if}}\nclass=\"{{#unless lazyload '==' 'disabled'}}lazyload{{/unless}}{{#if class}} {{class}}{{/if}}\"\n{{#if lazyload '==' 'lazyload'}}loading=\"lazy\"{{/if}}\n{{otherAttributes}} />\n",
  "components/products/bulk-discount-rates": "{{#if bulk_discount_rates.length}}\n    {{#if product}}<dt class=\"productView-info-name\">{{lang 'products.bulk_pricing.title'}}</dt>{{/if}}\n    <dd class=\"productView-info-value\">\n        <a href=\"{{product.url}}#bulk_pricing\"\n           {{#unless is_ajax }}data-reveal-id=\"modal-bulk-pricing\"{{/unless}}>\n            {{lang 'products.bulk_pricing.view'}}\n        </a>\n    </dd>\n    <div id=\"modal-bulk-pricing\" class=\"modal modal--small\" data-reveal>\n        <div class=\"modal-header\">\n            <h2 class=\"modal-header-title\">{{lang 'products.bulk_pricing.modal_title'}}</h2>\n            {{> components/common/modal/modal-close-btn}}\n        </div>\n        <div class=\"modal-body\">\n            <p>{{lang 'products.bulk_pricing.instructions'}}</p>\n            <ul>\n                {{#each bulk_discount_rates}}\n                <li>\n                    {{lang 'products.bulk_pricing.range' min=min max=max}}\n                    {{#if type '===' 'percent'}}\n                    {{lang 'products.bulk_pricing.percent' discount=discount.formatted}}\n                    {{else if type '===' 'fixed'}}\n                    {{lang 'products.bulk_pricing.fixed' discount=discount.formatted}}\n                    {{else if type '===' 'price'}}\n                    {{lang 'products.bulk_pricing.price' discount=discount.formatted}}\n                    {{/if}}\n                </li>\n                {{/each}}\n            </ul>\n        </div>\n    </div>\n{{/if}}\n",
  "components/products/price": "{{!-- There are 2 code paths for generating the PDP pricing HTML determined by the following #and condition. \n    If a 'price_range' exists then we generate all HTML in price-range.html, otherwise it is defined here. Both code\n    paths generate the same HTML structure with some differences in whether that element is displayed by default (css styling).\n    \n    If you are making a change here or in price-range.html, you probably want to make that change in both files. --}}\n    \n    {{#and price.price_range (if theme_settings.price_ranges '==' true)}}\n        {{> components/products/price-range price=price schema_org=schema_org}}\n    {{else}}\n        {{#if price.with_tax}}\n            \n           \n            <div class=\"price-section d-inline-block price-section--withTax\" {{#if schema_org}}itemprop=\"offers\" itemscope itemtype=\"http://schema.org/Offer\"{{/if}}>\n                <span class=\"price-label\" {{#if price.non_sale_price_with_tax}}style=\"display: none;\"{{/if}}>\n                    {{theme_settings.pdp-price-label}}\n                </span>\n                <span class=\"price-now-label\" {{#unless price.non_sale_price_with_tax}}style=\"display: none;\"{{/unless}}>\n                    {{theme_settings.pdp-sale-price-label}}\n                </span>\n                <span data-product-price-with-tax class=\"price price--withTax\">{{price.with_tax.formatted}}</span>\n                {{#if schema_org}}\n                    <meta itemprop=\"availability\" itemtype=\"http://schema.org/ItemAvailability\" \n                        content=\"http://schema.org/{{#if product.pre_order}}PreOrder{{else if product.out_of_stock}}OutOfStock{{else if product.can_purchase '===' false}}OutOfStock{{else}}InStock{{/if}}\">\n                    <meta itemprop=\"itemCondition\" itemtype=\"http://schema.org/OfferItemCondition\" content=\"http://schema.org/{{product.condition}}Condition\">\n                    <meta itemprop=\"priceCurrency\" content=\"{{currency_selector.active_currency_code}}\">\n                    <meta itemprop=\"url\" content=\"{{product.url}}\">\n                    <div itemprop=\"priceSpecification\" itemscope itemtype=\"http://schema.org/PriceSpecification\">\n                        <meta itemprop=\"price\" content=\"{{price.with_tax.value}}\">\n                        <meta itemprop=\"priceCurrency\" content=\"{{currency_selector.active_currency_code}}\">\n                        <meta itemprop=\"valueAddedTaxIncluded\" content=\"true\">\n                    </div>\n                {{/if}}\n                {{#if price.without_tax}}\n                    <abbr title=\"{{lang 'products.including_tax'}}\">{{lang 'products.price_with_tax' tax_label=price.tax_label}}</abbr>\n                {{/if}}\n            </div>\n             <div class=\"price-section d-inline-block price-section--withTax non-sale-price--withTax\" {{#unless price.non_sale_price_with_tax}}style=\"display: none;\"{{/unless}}>\n                {{theme_settings.pdp-non-sale-price-label}}\n                <span data-product-non-sale-price-with-tax class=\"price price--non-sale\">\n                    {{price.non_sale_price_with_tax.formatted}}\n                </span>\n            </div>\n            <div class=\"price-section d-inline-block price-section--withTax rrp-price--withTax\" {{#unless price.rrp_with_tax}}style=\"display: none;\"{{/unless}}>\n                {{theme_settings.pdp-retail-price-label}}\n                <span data-product-rrp-with-tax class=\"price price--rrp\">\n                    {{price.rrp_with_tax.formatted}}\n                </span>\n            </div>\n        {{/if}}\n        {{#if price.without_tax}}\n            \n    \n            <div class=\"price-section d-inline-block price-section--withoutTax\" {{#if schema_org}}itemprop=\"offers\" itemscope itemtype=\"http://schema.org/Offer\"{{/if}}>\n                <span class=\"price-label\" {{#if price.non_sale_price_without_tax}}style=\"display: none;\"{{/if}}>\n                    {{theme_settings.pdp-price-label}}\n                </span>\n                <span class=\"price-now-label\" {{#unless price.non_sale_price_without_tax}}style=\"display: none;\"{{/unless}}>\n                    {{theme_settings.pdp-sale-price-label}}\n                </span>\n                <span data-product-price-without-tax class=\"price price--withoutTax{{#if price.with_tax}} price-section--minor{{/if}}\">{{price.without_tax.formatted}}</span>\n                {{#if schema_org}}\n                    <meta itemprop=\"availability\" itemtype=\"http://schema.org/ItemAvailability\"\n                        content=\"http://schema.org/{{#if product.pre_order}}PreOrder{{else if product.out_of_stock}}OutOfStock{{else if product.can_purchase '===' false}}OutOfStock{{else}}InStock{{/if}}\">\n                    <meta itemprop=\"itemCondition\" itemtype=\"http://schema.org/OfferItemCondition\" content=\"http://schema.org/{{product.condition}}Condition\">\n                    <meta itemprop=\"priceCurrency\" content=\"{{currency_selector.active_currency_code}}\">\n                    <meta itemprop=\"url\" content=\"{{product.url}}\">\n                    <div itemprop=\"priceSpecification\" itemscope itemtype=\"http://schema.org/PriceSpecification\">\n                        <meta itemprop=\"price\" content=\"{{price.without_tax.value}}\">\n                        <meta itemprop=\"priceCurrency\" content=\"{{currency_selector.active_currency_code}}\">\n                        <meta itemprop=\"valueAddedTaxIncluded\" content=\"false\">\n                    </div>\n                {{/if}}\n                {{#if price.with_tax}}\n                    <abbr title=\"{{lang 'products.excluding_tax'}}\">{{lang 'products.price_without_tax' tax_label=price.tax_label}}</abbr>\n                {{/if}}\n            </div>\n            <div class=\"price-section d-inline-block price-section--withoutTax non-sale-price--withoutTax{{#if price.with_tax}} price-section--minor{{/if}}\" {{#unless price.non_sale_price_without_tax}}style=\"display: none;\"{{/unless}}>\n                {{theme_settings.pdp-non-sale-price-label}}\n                <span data-product-non-sale-price-without-tax class=\"price price--non-sale\">\n                    {{price.non_sale_price_without_tax.formatted}}\n                </span>\n            </div>\n            <div class=\"price-section d-inline-block price-section--withoutTax rrp-price--withoutTax{{#if price.with_tax}} price-section--minor{{/if}}\" {{#unless price.rrp_without_tax}}style=\"display: none;\"{{/unless}}>\n                {{theme_settings.pdp-retail-price-label}}\n                <span data-product-rrp-price-without-tax class=\"price price--rrp\"> \n                    {{price.rrp_without_tax.formatted}}\n                </span>\n            </div>\n            \n        {{/if}}\n        {{#if page_type '===' 'product'}}\n             <div class=\"price-section d-inline-block price-section--saving price\" {{#unless price.saved}}style=\"display: none;\"{{/unless}}>\n                    <span class=\"price\">{{lang 'products.you_save_opening_text'}}</span>\n                    <span data-product-price-saved class=\"price price--saving\">\n                        {{price.saved.formatted}}\n                    </span>\n                    <span class=\"price\">{{lang 'products.you_save_closing_bracket'}}</span>\n             </div>\n        {{/if}}\n    {{/and}}\n    ",
  "components/products/ratings": "<div class=\"comments_note wb-list-product-reviews\">\n    <span class=\"avg-rate bg-re3\">\n        <span class=\"rate-tot winter-count\">0</span>\n            <span class=\"wbpro-rating\">\n                <svg>\n                    <use href=\"#icon-star\" />\n                </svg>\n            </span>\n            <span class=\"or-rate winter-review\">\n                {{#for 1 5}}{{#if ../this.rating '>=' $index}}\n                <span data-review=\"{{../this.rating}}\" class=\"icon icon--ratingFull winter-review-count\">\n                    <svg>\n                        <use href=\"#icon-star\" />\n                    </svg>\n                </span>\n                {{else}}\n                <span class=\"icon icon--ratingEmpty\">\n                    <svg>\n                        <use href=\"#icon-star\" />\n                    </svg>\n                </span>\n                {{/if}}\n                {{/for}}\n                {{{snippet 'product_rating'}}}\n            </span>\n    </span>\n    </div>\n    ",
  "components/common/login-for-pricing": "<p translate>{{lang 'common.login_for_pricing'}}</p>\n",
  "components/products/price-range": "{{#and price.retail_price_range.min.with_tax price.retail_price_range.max.with_tax}}\n    <div class=\"price-section price-section--withTax rrp-price--withTax\">\n        <span>\n            {{> components/products/price-label\n                label_value=theme_settings.pdp-retail-price-label\n                fallback=(lang \"page_builder.pdp-retail-price-label\")\n            }}\n        </span>\n        <span data-product-rrp-price-with-tax class=\"price price--rrp\">{{price.retail_price_range.min.with_tax.formatted}} - {{price.retail_price_range.max.with_tax.formatted}}</span>\n    </div>\n{{else}}\n    {{#if price.with_tax}}\n        <div class=\"price-section price-section--withTax rrp-price--withTax\" style=\"display: none;\">\n            <span>\n                {{> components/products/price-label\n                    label_value=theme_settings.pdp-retail-price-label\n                    fallback=(lang \"page_builder.pdp-retail-price-label\")\n                }}\n            </span>\n            <span data-product-rrp-with-tax class=\"price price--rrp\">\n                {{price.rrp_with_tax.formatted}}\n            </span>\n        </div>\n    {{/if}}\n{{/and}}\n{{#and price.price_range.min.with_tax price.price_range.max.with_tax}}\n    {{!-- Never display the \"non-sales price\" if there is a price range to be shown, but we do want the element on the page --}}\n    <div class=\"price-section price-section--withTax non-sale-price--withTax\" style=\"display: none;\">\n        <span>\n            {{> components/products/price-label\n                label_value=theme_settings.pdp-non-sale-price-label\n                fallback=(lang \"page_builder.pdp-non-sale-price-label\")\n            }}\n        </span>\n        <span data-product-non-sale-price-with-tax class=\"price price--non-sale\">\n            {{price.non_sale_price_with_tax.formatted}}\n        </span>\n    </div>\n    <div class=\"price-section price-section--withTax\">\n        <span class=\"price-label\">{{theme_settings.pdp-price-label}}</span>\n        <span class=\"price-now-label\" style=\"display: none;\">\n            {{> components/products/price-label\n                label_value=theme_settings.pdp-sale-price-label\n                fallback=(lang \"page_builder.pdp-sale-price-label\")\n            }}\n        </span>\n        <span data-product-price-with-tax class=\"price price--withTax\">{{price.price_range.min.with_tax.formatted}} - {{price.price_range.max.with_tax.formatted}}</span>\n        {{#and price.price_range.min.without_tax price.price_range.max.without_tax}}\n            <abbr title=\"{{lang 'products.including_tax'}}\">{{lang 'products.price_with_tax' tax_label=price.price_range.min.tax_label}}</abbr>\n        {{/and}}\n    </div>\n{{/and}}\n{{#and price.retail_price_range.min.without_tax price.retail_price_range.max.without_tax}}\n    <div class=\"price-section price-section--withoutTax rrp-price--withoutTax{{#if price.with_tax}} price-section--minor{{/if}}\">\n        <span>\n            {{> components/products/price-label\n                label_value=theme_settings.pdp-retail-price-label\n                fallback=(lang \"page_builder.pdp-retail-price-label\")\n            }}\n        </span>\n        <span data-product-rrp-price-without-tax class=\"price price--rrp\">{{price.retail_price_range.min.without_tax.formatted}} - {{price.retail_price_range.max.without_tax.formatted}}</span>\n    </div>\n{{else}}\n    {{#if price.without_tax}}\n        <div class=\"price-section price-section--withoutTax rrp-price--withoutTax{{#if price.with_tax}} price-section--minor{{/if}}\" style=\"display: none;\">\n            <span>\n                {{> components/products/price-label\n                    label_value=theme_settings.pdp-retail-price-label\n                    fallback=(lang \"page_builder.pdp-retail-price-label\")\n                }}\n            </span>\n            <span data-product-rrp-price-without-tax class=\"price price--rrp\">\n                {{price.rrp_without_tax.formatted}}\n            </span>\n        </div>\n    {{/if}}\n{{/and}}\n{{#and price.price_range.min.without_tax price.price_range.max.without_tax}}\n    {{!-- Never display the \"non-sales price\" if there is a price range to be shown, but we do want the element on the page --}}\n    <div class=\"price-section price-section--withoutTax non-sale-price--withoutTax{{#if price.with_tax}} price-section--minor{{/if}}\" style=\"display: none;\">\n        <span>\n            {{> components/products/price-label\n                label_value=theme_settings.pdp-non-sale-price-label\n                fallback=(lang \"page_builder.pdp-non-sale-price-label\")\n            }}\n        </span>\n        <span data-product-non-sale-price-without-tax class=\"price price--non-sale\">\n            {{price.non_sale_price_without_tax.formatted}}\n        </span>\n    </div>\n    <div class=\"price-section price-section--withoutTax{{#and price_range.min.with_tax price_range.max.with_tax}} price-section--minor{{/and}}\">\n        <span class=\"price-label\">{{theme_settings.pdp-price-label}}</span>\n        <span class=\"price-now-label\" style=\"display: none;\">\n            {{> components/products/price-label\n                label_value=theme_settings.pdp-sale-price-label\n                fallback=(lang \"page_builder.pdp-sale-price-label\")\n            }}\n        </span>\n        <span data-product-price-without-tax class=\"price price--withoutTax\">{{price.price_range.min.without_tax.formatted}} - {{price.price_range.max.without_tax.formatted}}</span>\n        {{#and price.price_range.min.with_tax price.price_range.max.with_tax}}\n            <abbr title=\"{{lang 'products.excluding_tax'}}\">{{lang 'products.price_without_tax' tax_label=price.price_range.min.tax_label}}</abbr>\n        {{/and}}\n    </div>\n{{/and}}\n\n{{!-- Never display the \"saving price\" element by default if there is a price range on the page to be shown --}}\n{{#if page_type '===' 'product'}}\n     <div class=\"price-section price-section--saving price\" style=\"display: none;\">\n            <span class=\"price\">{{lang 'products.you_save_opening_text'}}</span>\n            <span data-product-price-saved class=\"price price--saving\">\n                {{price.saved.formatted}}\n            </span>\n            <span class=\"price\">{{lang 'products.you_save_closing_bracket'}}</span>\n     </div>\n{{/if}}\n",
  "components/common/modal/modal-close-btn": "<button class=\"modal-close\"\n        type=\"button\"\n        title=\"{{lang 'common.close'}}\"\n        {{additional_attr}}\n>\n    <span class=\"aria-description--hidden\">{{lang 'common.close'}}</span>\n    <span aria-hidden=\"true\">&#215;</span>\n</button>\n",
  "components/products/price-label": "{{#if label_value '===' ''}}\n    {{fallback}}\n{{else}}\n    {{label_value}}\n{{/if}}\n"
}
