{
  "components/common/breadcrumbs": "<div class=\"container all-container\">\n    <nav aria-label=\"Breadcrumb\">\n        {{#unless theme_settings.hide_breadcrumbs }}\n        <ol class=\"breadcrumbs breadcrumbs-bg\">\n            {{#each breadcrumbs}}\n                <li class=\"breadcrumb {{#if @last}}is-active{{/if}}\">\n                    <a class=\"breadcrumb-label\"\n                        href=\"{{url}}\"\n                        {{#if @last}}aria-current=\"page\"{{/if}}\n                    >\n                        <span><!-- <i class=\"fa fa-home\"></i> -->{{name}}</span>\n                    </a>\n                </li>\n            {{/each}}\n        </ol>\n        {{/unless}}\n    </nav>\n    </div>\n    <script type=\"application/ld+json\">\n    {\n        \"@context\": \"https://schema.org\",\n        \"@type\": \"BreadcrumbList\",\n        \"itemListElement\":\n        [\n            {{#each breadcrumbs}}\n            {\n                \"@type\": \"ListItem\",\n                \"position\": {{add @index 1}},\n                \"item\": {\n                    \"@id\": {{{JSONstringify url}}},\n                    \"name\": {{{JSONstringify name}}}\n                }\n            }{{#unless @last}},{{/unless}}\n            {{/each}}\n        ]\n    }\n    </script>"
}
